scenario,beacons,trial,target_x,target_y,estimate_x,estimate_y,error,beacon_position_rmse,beacon_yaw_rmse,cost,iterations,runtime_ms,solver_converged,success
1,1,0,1.20000000,-0.75000000,1.19699978,-0.74969693,0.00301549,0.00185143,0.00066244,175.03418044,4,0.98100000,1,1
1,1,1,1.20000000,-0.75000000,1.19632764,-0.75119069,0.00386056,0.00113429,0.00069452,177.20323432,4,0.91700000,1,1
1,1,2,1.20000000,-0.75000000,1.19985100,-0.75281839,0.00282233,0.00048940,0.00017835,133.87738417,3,1.02800000,1,1
1,1,3,1.20000000,-0.75000000,1.20031974,-0.74461697,0.00539252,0.00274424,0.00013026,166.21225954,4,1.00500000,1,1
1,1,4,1.20000000,-0.75000000,1.19953506,-0.73888242,0.01112729,0.00306726,0.00252645,145.71545879,4,1.15600000,1,1
1,1,5,1.20000000,-0.75000000,1.19897955,-0.74828771,0.00199330,0.00180699,0.00050833,149.86053151,4,1.30900000,1,1
1,1,6,1.20000000,-0.75000000,1.20124295,-0.74613141,0.00406336,0.00230421,0.00013352,161.61208859,4,1.25700000,1,1
1,1,7,1.20000000,-0.75000000,1.20412177,-0.74914983,0.00420854,0.00176490,0.00003002,141.72804109,4,1.22000000,1,1
1,1,8,1.20000000,-0.75000000,1.20530575,-0.74424549,0.00782722,0.00177944,0.00081134,182.38387181,4,1.16000000,1,1
1,1,9,1.20000000,-0.75000000,1.20010709,-0.75029467,0.00031353,0.00144723,0.00018011,157.51696911,4,1.11900000,1,1
1,1,10,1.20000000,-0.75000000,1.20074758,-0.74726618,0.00283419,0.00177377,0.00019848,148.27513138,4,1.22300000,1,1
1,1,11,1.20000000,-0.75000000,1.19670386,-0.76108525,0.01156491,0.00315421,0.00193660,185.33670531,4,1.23000000,1,1
1,1,12,1.20000000,-0.75000000,1.19833210,-0.75149780,0.00224172,0.00277308,0.00018336,151.46607082,4,1.22900000,1,1
1,1,13,1.20000000,-0.75000000,1.19278461,-0.75483062,0.00868313,0.00228451,0.00098904,146.28766241,4,1.27200000,1,1
1,1,14,1.20000000,-0.75000000,1.19866788,-0.74928950,0.00150976,0.00273733,0.00073110,146.06833497,4,0.91000000,1,1
1,1,15,1.20000000,-0.75000000,1.20035832,-0.74978430,0.00041823,0.00084229,0.00011402,158.80442050,4,0.91700000,1,1
1,1,16,1.20000000,-0.75000000,1.20606731,-0.75089547,0.00613303,0.00242457,0.00047160,149.40022521,4,0.91200000,1,1
1,1,17,1.20000000,-0.75000000,1.20127286,-0.74953738,0.00135433,0.00056072,0.00043755,156.20632571,4,0.93000000,1,1
1,1,18,1.20000000,-0.75000000,1.20600463,-0.73808586,0.01334175,0.00384043,0.00361426,175.94140143,15,2.00500000,1,1
1,1,19,1.20000000,-0.75000000,1.20198189,-0.74199241,0.00824921,0.00423715,0.00147636,141.21152441,4,0.91700000,1,1
1,1,20,1.20000000,-0.75000000,1.19647321,-0.75336151,0.00487216,0.00290133,0.00039361,142.15283380,4,0.90200000,1,1
1,1,21,1.20000000,-0.75000000,1.19908048,-0.75094225,0.00131656,0.00551377,0.00074685,152.59847240,4,0.88800000,1,1
1,1,22,1.20000000,-0.75000000,1.18996905,-0.75764827,0.01261412,0.00458125,0.00223586,124.34837236,8,1.26600000,1,1
1,1,23,1.20000000,-0.75000000,1.20118632,-0.74809646,0.00224295,0.00121498,0.00062483,172.62663601,10,1.49300000,1,1
1,1,24,1.20000000,-0.75000000,1.20314622,-0.74875840,0.00338235,0.00186046,0.00042457,152.94307663,4,0.89600000,1,1
1,1,25,1.20000000,-0.75000000,1.20078336,-0.74633070,0.00375198,0.00257325,0.00128796,134.46832311,4,0.92300000,1,1
1,1,26,1.20000000,-0.75000000,1.19787209,-0.74787330,0.00300847,0.00098816,0.00044186,152.20869097,4,0.91200000,1,1
1,1,27,1.20000000,-0.75000000,1.20646520,-0.74884063,0.00656833,0.00183821,0.00040998,163.09656829,4,0.89600000,1,1
1,1,28,1.20000000,-0.75000000,1.19623548,-0.75243429,0.00448301,0.00304857,0.00088069,161.70839861,4,0.89100000,1,1
1,1,29,1.20000000,-0.75000000,1.20411385,-0.74618435,0.00561097,0.00083937,0.00029873,158.21511361,4,0.92300000,1,1
1,1,30,1.20000000,-0.75000000,1.20391177,-0.74633783,0.00535849,0.00337984,0.00078692,145.85147444,4,0.92200000,1,1
1,1,31,1.20000000,-0.75000000,1.19477062,-0.75147497,0.00543341,0.00206743,0.00114356,149.07153106,4,0.94200000,1,1
1,1,32,1.20000000,-0.75000000,1.20563268,-0.74864426,0.00579354,0.00146492,0.00042911,162.33820261,4,0.95500000,1,1
1,1,33,1.20000000,-0.75000000,1.20577555,-0.75003878,0.00577568,0.00133190,0.00062560,164.14173166,4,0.89700000,1,1
1,1,34,1.20000000,-0.75000000,1.19956891,-0.74375108,0.00626377,0.00106948,0.00109587,156.29012467,5,0.98400000,1,1
1,1,35,1.20000000,-0.75000000,1.20440795,-0.74221620,0.00894526,0.00578988,0.00174545,159.33043189,4,0.89700000,1,1
1,1,36,1.20000000,-0.75000000,1.20119263,-0.75108360,0.00161138,0.00121268,0.00070863,168.04779364,4,0.88700000,1,1
1,1,37,1.20000000,-0.75000000,1.19766333,-0.75239208,0.00334396,0.00248309,0.00185606,152.35569054,80,8.21500000,0,1
1,1,38,1.20000000,-0.75000000,1.20193987,-0.75140755,0.00239673,0.00309790,0.00101664,143.09423619,4,0.90100000,1,1
1,1,39,1.20000000,-0.75000000,1.19790794,-0.74838344,0.00264386,0.00221888,0.00159324,163.24095677,4,1.00400000,1,1
1,1,40,1.20000000,-0.75000000,1.19894019,-0.74805284,0.00221690,0.00228330,0.00058836,145.32691046,4,0.89800000,1,1
1,1,41,1.20000000,-0.75000000,1.20713881,-0.74774646,0.00748605,0.00254630,0.00057554,155.21461534,8,1.30200000,1,1
1,1,42,1.20000000,-0.75000000,1.20464371,-0.74688442,0.00559204,0.00295879,0.00086558,171.12887423,4,1.71800000,1,1
1,1,43,1.20000000,-0.75000000,1.20035610,-0.75508725,0.00509970,0.00362637,0.00249258,150.96322850,4,0.89700000,1,1
1,1,44,1.20000000,-0.75000000,1.19567184,-0.76223927,0.01298201,0.00333555,0.00226525,160.39936158,4,0.89800000,1,1
1,1,45,1.20000000,-0.75000000,1.19776819,-0.75042391,0.00227171,0.00299151,0.00023894,154.88241442,7,1.19300000,1,1
1,1,46,1.20000000,-0.75000000,1.19828839,-0.75131407,0.00215787,0.00099003,0.00041395,134.52796375,4,0.90400000,1,1
1,1,47,1.20000000,-0.75000000,1.19449084,-0.75011311,0.00551032,0.00229114,0.00010262,173.46354221,4,0.96300000,1,1
1,1,48,1.20000000,-0.75000000,1.19685411,-0.74582556,0.00522710,0.00257009,0.00041537,140.67205392,4,0.90700000,1,1
1,1,49,1.20000000,-0.75000000,1.20218699,-0.75360864,0.00421962,0.00224047,0.00058554,168.99979120,4,0.91600000,1,1
1,1,50,1.20000000,-0.75000000,1.19553800,-0.74936489,0.00450697,0.00313499,0.00096172,142.83051823,8,1.28700000,1,1
1,1,51,1.20000000,-0.75000000,1.19283182,-0.74606894,0.00817533,0.00454686,0.00111867,153.59448688,80,9.41500000,0,1
1,1,52,1.20000000,-0.75000000,1.19604021,-0.75326681,0.00513342,0.00080800,0.00065329,159.65479532,4,1.69200000,1,1
1,1,53,1.20000000,-0.75000000,1.20163749,-0.75250089,0.00298928,0.00142042,0.00082999,131.11925865,4,0.96100000,1,1
1,1,54,1.20000000,-0.75000000,1.19793801,-0.75263213,0.00334364,0.00528390,0.00025900,179.34135207,4,0.95500000,1,1
1,1,55,1.20000000,-0.75000000,1.19001937,-0.75569855,0.01149289,0.00690610,0.00077095,136.67710887,4,1.01200000,1,1
1,1,56,1.20000000,-0.75000000,1.20302735,-0.75144919,0.00335634,0.00173066,0.00096802,145.65965039,4,1.16300000,1,1
1,1,57,1.20000000,-0.75000000,1.19823405,-0.75104136,0.00205012,0.00106272,0.00061918,189.86467123,4,1.59300000,1,1
1,1,58,1.20000000,-0.75000000,1.20399917,-0.74627433,0.00546572,0.00079555,0.00033678,154.66566230,4,0.93300000,1,1
1,1,59,1.20000000,-0.75000000,1.20822544,-0.75591261,0.01013000,0.00116590,0.00146627,169.56114115,4,0.91800000,1,1
1,1,60,1.20000000,-0.75000000,1.19853185,-0.74496927,0.00524058,0.00101136,0.00125165,169.16272143,4,0.91500000,1,1
1,1,61,1.20000000,-0.75000000,1.19500806,-0.75060678,0.00502868,0.00423887,0.00128717,179.73573317,4,0.95800000,1,1
1,1,62,1.20000000,-0.75000000,1.19705549,-0.74692212,0.00425951,0.00263606,0.00162765,171.37431943,4,0.92800000,1,1
1,1,63,1.20000000,-0.75000000,1.19944459,-0.74604880,0.00399004,0.00050048,0.00000850,175.43227021,7,1.25100000,1,1
1,1,64,1.20000000,-0.75000000,1.20054175,-0.75259952,0.00265537,0.00186460,0.00078353,155.88055234,4,1.09000000,1,1
1,1,65,1.20000000,-0.75000000,1.20353520,-0.75201611,0.00406968,0.00226813,0.00041299,151.01200717,4,1.07600000,1,1
1,1,66,1.20000000,-0.75000000,1.19880062,-0.75240149,0.00268434,0.00115126,0.00105588,152.36852146,4,1.01600000,1,1
1,1,67,1.20000000,-0.75000000,1.20551271,-0.74611332,0.00674510,0.00261821,0.00070427,168.25964243,4,1.02600000,1,1
1,1,68,1.20000000,-0.75000000,1.20147611,-0.74638972,0.00390039,0.00105671,0.00092097,158.20126971,4,0.95600000,1,1
1,1,69,1.20000000,-0.75000000,1.19931238,-0.74908703,0.00114295,0.00087027,0.00042818,163.99779547,9,1.74800000,1,1
1,1,70,1.20000000,-0.75000000,1.20102732,-0.75082532,0.00131778,0.00159225,0.00031387,163.15534459,4,0.95100000,1,1
1,1,71,1.20000000,-0.75000000,1.20039401,-0.74915997,0.00092784,0.00265885,0.00042692,146.58083540,11,1.68300000,1,1
1,1,72,1.20000000,-0.75000000,1.19661592,-0.75290928,0.00446273,0.00244142,0.00128149,184.04341454,4,0.88800000,1,1
1,1,73,1.20000000,-0.75000000,1.19913784,-0.74688014,0.00323679,0.00059407,0.00097750,151.16378252,4,0.97200000,1,1
1,1,74,1.20000000,-0.75000000,1.20343655,-0.74543959,0.00571027,0.00201025,0.00014817,172.18957588,4,0.89500000,1,1
1,1,75,1.20000000,-0.75000000,1.19823616,-0.75051226,0.00183672,0.00179737,0.00107800,151.11597480,4,0.92800000,1,1
1,1,76,1.20000000,-0.75000000,1.20170765,-0.74578044,0.00455201,0.00299552,0.00068435,150.39879992,9,1.39500000,1,1
1,1,77,1.20000000,-0.75000000,1.20421628,-0.74873261,0.00440265,0.00221806,0.00120320,144.19475416,4,0.89600000,1,1
1,1,78,1.20000000,-0.75000000,1.19508226,-0.74821811,0.00523061,0.00116483,0.00034449,155.49829957,12,1.66900000,1,1
1,1,79,1.20000000,-0.75000000,1.19547781,-0.74727865,0.00527787,0.00115642,0.00162217,162.90541627,4,0.89400000,1,1
1,1,80,1.20000000,-0.75000000,1.19829567,-0.74929111,0.00184588,0.00119681,0.00084910,158.78366353,4,0.88600000,1,1
1,1,81,1.20000000,-0.75000000,1.20160733,-0.74878372,0.00201565,0.00069366,0.00005162,160.49863505,5,1.00500000,1,1
1,1,82,1.20000000,-0.75000000,1.20822136,-0.74510062,0.00957051,0.00175732,0.00026951,174.96509185,4,0.91500000,1,1
1,1,83,1.20000000,-0.75000000,1.19930910,-0.74779249,0.00231310,0.00207274,0.00137823,172.77407423,4,0.88500000,1,1
1,1,84,1.20000000,-0.75000000,1.19705845,-0.75110998,0.00314401,0.00161556,0.00018036,172.50748689,4,0.90800000,1,1
1,1,85,1.20000000,-0.75000000,1.19962986,-0.74533362,0.00468103,0.00264684,0.00080857,175.82590858,4,0.90400000,1,1
1,1,86,1.20000000,-0.75000000,1.20232826,-0.74638022,0.00430391,0.00107252,0.00018015,149.01306409,4,0.92400000,1,1
1,1,87,1.20000000,-0.75000000,1.19370324,-0.75536694,0.00827364,0.00113371,0.00040225,163.33097394,80,8.23100000,0,1
1,1,88,1.20000000,-0.75000000,1.20091779,-0.75419929,0.00429841,0.00200434,0.00146451,165.83374158,4,0.88800000,1,1
1,1,89,1.20000000,-0.75000000,1.20361052,-0.75084273,0.00370756,0.00340682,0.00020428,140.81329358,4,0.90700000,1,1
1,1,90,1.20000000,-0.75000000,1.19713732,-0.75759253,0.00811427,0.00334631,0.00171896,163.55623682,4,0.89800000,1,1
1,1,91,1.20000000,-0.75000000,1.20257849,-0.74956299,0.00261527,0.00050066,0.00038681,167.33491383,4,0.93800000,1,1
1,1,92,1.20000000,-0.75000000,1.19481025,-0.74129822,0.01013185,0.00180788,0.00114033,145.21338474,4,0.89500000,1,1
1,1,93,1.20000000,-0.75000000,1.20461936,-0.74360075,0.00789233,0.00397960,0.00271361,130.89610101,4,0.93700000,1,1
1,1,94,1.20000000,-0.75000000,1.20254631,-0.74748303,0.00358033,0.00175892,0.00046271,159.13167945,4,0.92400000,1,1
1,1,95,1.20000000,-0.75000000,1.19279488,-0.75200594,0.00747914,0.00141244,0.00002903,148.62363679,4,0.93100000,1,1
1,1,96,1.20000000,-0.75000000,1.19986867,-0.75153950,0.00154509,0.00186201,0.00061453,180.24124576,3,0.84100000,1,1
1,1,97,1.20000000,-0.75000000,1.19345682,-0.75117113,0.00664716,0.00249612,0.00111660,149.28985138,4,0.92300000,1,1
1,1,98,1.20000000,-0.75000000,1.20212324,-0.74530586,0.00515200,0.00125523,0.00037108,137.73227596,4,0.97200000,1,1
1,1,99,1.20000000,-0.75000000,1.20297043,-0.74600542,0.00497796,0.00074159,0.00086979,161.68007387,5,1.02500000,1,1
1,2,0,1.20000000,-0.75000000,1.20204417,-0.74897370,0.00228734,0.00323193,0.00125340,310.15182023,4,2.76600000,1,1
1,2,1,1.20000000,-0.75000000,1.19666092,-0.75136354,0.00360676,0.00253331,0.00077855,346.36000269,4,3.45300000,1,1
1,2,2,1.20000000,-0.75000000,1.20171616,-0.74900659,0.00198294,0.00249829,0.00074683,317.72353037,4,3.04400000,1,1
1,2,3,1.20000000,-0.75000000,1.19852359,-0.74749415,0.00290845,0.00335082,0.00119684,310.21686681,4,5.33500000,1,1
1,2,4,1.20000000,-0.75000000,1.20075284,-0.75263122,0.00273680,0.00325675,0.00226879,312.33585176,4,6.23900000,1,1
1,2,5,1.20000000,-0.75000000,1.19563488,-0.75138691,0.00458015,0.00200537,0.00105286,277.25663279,4,2.54300000,1,1
1,2,6,1.20000000,-0.75000000,1.20368021,-0.74846801,0.00398634,0.00343598,0.00128225,312.16235425,4,4.94200000,1,1
1,2,7,1.20000000,-0.75000000,1.20163057,-0.75137088,0.00213028,0.00418021,0.00134046,327.84101459,4,4.37600000,1,1
1,2,8,1.20000000,-0.75000000,1.19880052,-0.75135867,0.00181239,0.00070792,0.00018735,330.27387022,9,6.62900000,1,1
1,2,9,1.20000000,-0.75000000,1.19901602,-0.74947987,0.00111300,0.00086961,0.00011559,347.92708276,4,4.89800000,1,1
1,2,10,1.20000000,-0.75000000,1.20177355,-0.74873574,0.00217803,0.00241253,0.00128727,310.59040621,4,4.61400000,1,1
1,2,11,1.20000000,-0.75000000,1.20202628,-0.75174880,0.00267659,0.00188407,0.00094061,338.10763526,4,4.11700000,1,1
1,2,12,1.20000000,-0.75000000,1.19979423,-0.75095768,0.00097953,0.00282062,0.00086431,312.43959760,4,3.79100000,1,1
1,2,13,1.20000000,-0.75000000,1.20000130,-0.75072030,0.00072030,0.00404575,0.00099673,347.21727766,4,3.78100000,1,1
1,2,14,1.20000000,-0.75000000,1.19874278,-0.74993699,0.00125880,0.00270263,0.00108159,346.90138281,4,3.62200000,1,1
1,2,15,1.20000000,-0.75000000,1.20585430,-0.74519885,0.00757126,0.00396131,0.00163472,333.13344521,5,3.60300000,1,1
1,2,16,1.20000000,-0.75000000,1.20250095,-0.74739881,0.00360846,0.00193698,0.00091490,327.67229992,4,3.83100000,1,1
1,2,17,1.20000000,-0.75000000,1.19969258,-0.75294282,0.00295883,0.00192210,0.00047868,323.28872930,5,2.95900000,1,1
1,2,18,1.20000000,-0.75000000,1.20191900,-0.74721389,0.00338304,0.00234012,0.00099051,272.82943237,4,2.58500000,1,1
1,2,19,1.20000000,-0.75000000,1.20481818,-0.74953968,0.00484012,0.00403553,0.00077201,316.65456917,8,4.06400000,1,1
1,2,20,1.20000000,-0.75000000,1.20012688,-0.75084954,0.00085896,0.00105747,0.00051108,334.94212191,4,2.57500000,1,1
1,2,21,1.20000000,-0.75000000,1.20152237,-0.74413328,0.00606102,0.00218941,0.00094866,333.31298918,4,2.45500000,1,1
1,2,22,1.20000000,-0.75000000,1.19935990,-0.75010770,0.00064910,0.00224997,0.00110688,335.34084666,4,2.48800000,1,1
1,2,23,1.20000000,-0.75000000,1.20414025,-0.74626430,0.00557648,0.00462847,0.00192591,301.56809072,4,2.49400000,1,1
1,2,24,1.20000000,-0.75000000,1.19719928,-0.75248102,0.00374159,0.00346977,0.00067818,288.44360522,5,2.89600000,1,1
1,2,25,1.20000000,-0.75000000,1.19884092,-0.75169786,0.00205577,0.00220876,0.00055630,291.81518783,4,2.48200000,1,1
1,2,26,1.20000000,-0.75000000,1.19579211,-0.75403891,0.00583259,0.00334443,0.00083042,286.13612605,4,2.48500000,1,1
1,2,27,1.20000000,-0.75000000,1.19974789,-0.75364747,0.00365617,0.00323016,0.00193267,313.22963635,4,2.48800000,1,1
1,2,28,1.20000000,-0.75000000,1.20510725,-0.74881236,0.00524351,0.00165362,0.00080834,312.69032180,4,2.48400000,1,1
1,2,29,1.20000000,-0.75000000,1.19515487,-0.75029795,0.00485429,0.00289666,0.00096912,343.27794151,4,2.46800000,1,1
1,2,30,1.20000000,-0.75000000,1.20227955,-0.75227257,0.00321884,0.00138855,0.00054961,349.96516560,4,2.49800000,1,1
1,2,31,1.20000000,-0.75000000,1.20150707,-0.74500013,0.00522207,0.00225336,0.00085205,315.70189557,4,2.48900000,1,1
1,2,32,1.20000000,-0.75000000,1.20247212,-0.74519513,0.00540353,0.00236887,0.00073093,343.18708358,4,2.48500000,1,1
1,2,33,1.20000000,-0.75000000,1.19941064,-0.74666878,0.00338296,0.00202354,0.00090287,301.45380265,4,2.48000000,1,1
1,2,34,1.20000000,-0.75000000,1.19866737,-0.74710973,0.00318270,0.00134730,0.00043278,314.59200970,4,2.47900000,1,1
1,2,35,1.20000000,-0.75000000,1.20198753,-0.74711871,0.00350030,0.00339803,0.00082038,336.14246726,4,2.48700000,1,1
1,2,36,1.20000000,-0.75000000,1.19765743,-0.74975740,0.00235510,0.00070493,0.00098806,325.08689711,4,2.48600000,1,1
1,2,37,1.20000000,-0.75000000,1.20345281,-0.75083869,0.00355321,0.00312582,0.00067819,309.71899982,4,2.50400000,1,1
1,2,38,1.20000000,-0.75000000,1.19909078,-0.75038861,0.00098879,0.00198826,0.00084261,291.32553942,4,2.47900000,1,1
1,2,39,1.20000000,-0.75000000,1.19909469,-0.75257131,0.00272602,0.00222047,0.00020825,292.92665142,4,2.49300000,1,1
1,2,40,1.20000000,-0.75000000,1.20015509,-0.74682952,0.00317427,0.00314318,0.00056106,303.64828032,4,2.50700000,1,1
1,2,41,1.20000000,-0.75000000,1.19473481,-0.75059197,0.00529836,0.00154928,0.00088270,316.06626570,5,2.94000000,1,1
1,2,42,1.20000000,-0.75000000,1.19785887,-0.75135040,0.00253140,0.00384556,0.00181840,294.22709879,5,2.83700000,1,1
1,2,43,1.20000000,-0.75000000,1.19957448,-0.75485206,0.00487068,0.00236927,0.00103458,287.28368661,4,2.46100000,1,1
1,2,44,1.20000000,-0.75000000,1.20341211,-0.74210179,0.00860374,0.00294889,0.00163283,307.65039693,11,5.02800000,1,1
1,2,45,1.20000000,-0.75000000,1.19920293,-0.74946557,0.00095966,0.00318574,0.00083179,287.28234186,4,2.52200000,1,1
1,2,46,1.20000000,-0.75000000,1.19727071,-0.75225513,0.00354043,0.00156649,0.00041976,308.97444952,5,2.84900000,1,1
1,2,47,1.20000000,-0.75000000,1.20114958,-0.75134126,0.00176650,0.00098788,0.00110975,325.17493205,4,2.46800000,1,1
1,2,48,1.20000000,-0.75000000,1.19742567,-0.74850342,0.00297774,0.00114983,0.00070927,312.68732425,10,4.69000000,1,1
1,2,49,1.20000000,-0.75000000,1.19963504,-0.75162781,0.00166822,0.00255558,0.00089127,310.67578464,4,2.50700000,1,1
1,2,50,1.20000000,-0.75000000,1.19351943,-0.75019464,0.00648349,0.00266098,0.00039889,299.63720507,4,2.54700000,1,1
1,2,51,1.20000000,-0.75000000,1.19920108,-0.75095870,0.00124795,0.00156232,0.00051250,315.65135810,4,2.50100000,1,1
1,2,52,1.20000000,-0.75000000,1.20550746,-0.75049406,0.00552958,0.00392617,0.00100555,289.68351299,4,2.59400000,1,1
1,2,53,1.20000000,-0.75000000,1.20221100,-0.75134225,0.00258654,0.00253542,0.00146258,319.42989091,4,2.62700000,1,1
1,2,54,1.20000000,-0.75000000,1.20408816,-0.75063124,0.00413660,0.00209054,0.00114748,304.04221382,4,2.52900000,1,1
1,2,55,1.20000000,-0.75000000,1.19907789,-0.75200539,0.00220724,0.00247541,0.00022885,296.32704953,4,2.49800000,1,1
1,2,56,1.20000000,-0.75000000,1.20084327,-0.74887903,0.00140274,0.00158426,0.00005678,273.12131681,7,3.85400000,1,1
1,2,57,1.20000000,-0.75000000,1.20032990,-0.74936696,0.00071385,0.00096579,0.00050435,310.16107719,4,2.56300000,1,1
1,2,58,1.20000000,-0.75000000,1.19764872,-0.75231590,0.00330028,0.00435124,0.00098673,304.95576633,4,2.54600000,1,1
1,2,59,1.20000000,-0.75000000,1.19911939,-0.74895937,0.00136323,0.00229195,0.00059703,328.48847361,80,38.88300000,0,1
1,2,60,1.20000000,-0.75000000,1.19637217,-0.75115853,0.00380833,0.00333209,0.00112537,331.20420442,4,3.60100000,1,1
1,2,61,1.20000000,-0.75000000,1.19856901,-0.74864697,0.00196938,0.00222867,0.00039993,318.82961219,4,3.46300000,1,1
1,2,62,1.20000000,-0.75000000,1.19748557,-0.75200772,0.00321766,0.00289563,0.00113435,299.39061338,4,3.05400000,1,1
1,2,63,1.20000000,-0.75000000,1.19516444,-0.75169146,0.00512286,0.00402306,0.00089271,301.10870231,4,2.57200000,1,1
1,2,64,1.20000000,-0.75000000,1.19851722,-0.74990227,0.00148600,0.00322667,0.00066101,313.92398391,8,3.96000000,1,1
1,2,65,1.20000000,-0.75000000,1.20020597,-0.74734496,0.00266301,0.00404600,0.00140031,321.93501674,4,2.53700000,1,1
1,2,66,1.20000000,-0.75000000,1.20483072,-0.75053294,0.00486003,0.00425308,0.00052264,307.22067103,4,2.50200000,1,1
1,2,67,1.20000000,-0.75000000,1.19717684,-0.74960897,0.00285012,0.00106991,0.00081964,314.39281845,4,2.58000000,1,1
1,2,68,1.20000000,-0.75000000,1.19907482,-0.74745490,0.00270804,0.00128816,0.00035641,329.29810639,80,35.57100000,0,1
1,2,69,1.20000000,-0.75000000,1.20021461,-0.74812743,0.00188483,0.00122204,0.00076922,317.13427149,4,2.49700000,1,1
1,2,70,1.20000000,-0.75000000,1.20220463,-0.74983969,0.00221045,0.00327769,0.00088549,312.31616219,4,2.52100000,1,1
1,2,71,1.20000000,-0.75000000,1.20063521,-0.74841603,0.00170659,0.00247647,0.00057526,282.01807169,4,2.50800000,1,1
1,2,72,1.20000000,-0.75000000,1.19892842,-0.74716745,0.00302847,0.00209780,0.00061348,315.49670322,4,2.50700000,1,1
1,2,73,1.20000000,-0.75000000,1.19688307,-0.75266795,0.00410283,0.00266325,0.00084257,309.29565315,4,2.48200000,1,1
1,2,74,1.20000000,-0.75000000,1.20390672,-0.75112042,0.00406422,0.00163557,0.00088045,295.24782485,4,2.47400000,1,1
1,2,75,1.20000000,-0.75000000,1.19910794,-0.75343343,0.00354742,0.00229430,0.00096975,299.16706713,4,2.46500000,1,1
1,2,76,1.20000000,-0.75000000,1.20093784,-0.74841944,0.00183785,0.00166217,0.00100818,308.35562293,4,2.48900000,1,1
1,2,77,1.20000000,-0.75000000,1.20360544,-0.75019227,0.00361057,0.00238364,0.00079924,303.97072498,4,2.48200000,1,1
1,2,78,1.20000000,-0.75000000,1.20244519,-0.75037067,0.00247312,0.00230715,0.00118472,317.67658588,4,2.53100000,1,1
1,2,79,1.20000000,-0.75000000,1.20359286,-0.75034984,0.00360985,0.00185938,0.00059709,330.50113512,4,2.66400000,1,1
1,2,80,1.20000000,-0.75000000,1.19561721,-0.75396406,0.00590954,0.00283633,0.00161699,296.22002107,4,3.46700000,1,1
1,2,81,1.20000000,-0.75000000,1.20077064,-0.75412879,0.00420010,0.00434018,0.00174977,347.49985250,4,2.99600000,1,1
1,2,82,1.20000000,-0.75000000,1.19672545,-0.75218072,0.00393424,0.00381614,0.00117524,300.38108962,4,2.68400000,1,1
1,2,83,1.20000000,-0.75000000,1.20222201,-0.74852860,0.00266503,0.00136095,0.00086186,358.29988491,4,2.52400000,1,1
1,2,84,1.20000000,-0.75000000,1.20589844,-0.74987160,0.00589984,0.00154955,0.00071894,319.33909693,4,2.48900000,1,1
1,2,85,1.20000000,-0.75000000,1.19960740,-0.75112331,0.00118994,0.00042299,0.00040849,355.78521505,4,2.49000000,1,1
1,2,86,1.20000000,-0.75000000,1.20113870,-0.74726072,0.00296652,0.00273837,0.00074342,326.89191385,4,2.50600000,1,1
1,2,87,1.20000000,-0.75000000,1.19699161,-0.75113728,0.00321618,0.00221477,0.00054957,330.82587913,4,2.48700000,1,1
1,2,88,1.20000000,-0.75000000,1.20342012,-0.74805207,0.00393594,0.00231348,0.00017409,303.48098906,4,2.50300000,1,1
1,2,89,1.20000000,-0.75000000,1.19696588,-0.74653414,0.00460630,0.00165398,0.00076123,305.99608960,5,2.93400000,1,1
1,2,90,1.20000000,-0.75000000,1.20164166,-0.74530332,0.00497533,0.00180043,0.00044609,287.00126207,4,2.47300000,1,1
1,2,91,1.20000000,-0.75000000,1.19864298,-0.75179264,0.00224834,0.00236466,0.00096534,308.29050327,4,2.47600000,1,1
1,2,92,1.20000000,-0.75000000,1.19923685,-0.75343955,0.00352319,0.00218752,0.00060296,336.89724995,4,2.48400000,1,1
1,2,93,1.20000000,-0.75000000,1.20256619,-0.74656527,0.00428751,0.00164035,0.00047346,295.33342957,4,2.48200000,1,1
1,2,94,1.20000000,-0.75000000,1.19927581,-0.75130806,0.00149514,0.00196232,0.00044704,311.27252288,4,2.54200000,1,1
1,2,95,1.20000000,-0.75000000,1.20069878,-0.75425064,0.00430770,0.00355537,0.00205535,297.09500926,4,2.51300000,1,1
1,2,96,1.20000000,-0.75000000,1.20640486,-0.75348166,0.00729001,0.00376485,0.00033423,308.21852088,4,2.51300000,1,1
1,2,97,1.20000000,-0.75000000,1.20111475,-0.74797238,0.00231385,0.00320008,0.00111779,309.68468589,4,2.48200000,1,1
1,2,98,1.20000000,-0.75000000,1.20011578,-0.74971132,0.00031103,0.00196827,0.00038120,323.86993107,4,2.46800000,1,1
1,2,99,1.20000000,-0.75000000,1.19850346,-0.75351346,0.00381891,0.00227187,0.00103914,309.62530644,17,7.28900000,1,1
2,1,0,1.20000000,-0.75000000,1.20726941,-0.75782760,0.01068249,0.00684447,,27.45415762,6,0.18300000,1,1
2,1,1,1.20000000,-0.75000000,1.19248023,-0.74617877,0.00843497,0.00965734,,33.98626877,6,0.18500000,1,1
2,1,2,1.20000000,-0.75000000,1.19454586,-0.74827132,0.00572154,0.00417973,,23.12103729,6,0.18200000,1,1
2,1,3,1.20000000,-0.75000000,1.21012032,-0.75483488,0.01121592,0.01046941,,26.08577830,80,2.30700000,0,1
2,1,4,1.20000000,-0.75000000,1.19588187,-0.75184581,0.00451287,0.00245277,,29.19703921,19,0.56700000,1,1
2,1,5,1.20000000,-0.75000000,1.20452948,-0.75293057,0.00539485,0.00378986,,32.28565354,6,0.18300000,1,1
2,1,6,1.20000000,-0.75000000,1.21132832,-0.75892277,0.01442035,0.00927438,,19.81725232,9,0.27200000,1,1
2,1,7,1.20000000,-0.75000000,1.19451620,-0.75729780,0.00912852,0.00545397,,30.46107125,6,0.18200000,1,1
2,1,8,1.20000000,-0.75000000,1.20460447,-0.76141400,0.01230775,0.01380524,,26.85752157,10,0.29900000,1,1
2,1,9,1.20000000,-0.75000000,1.20227326,-0.74857285,0.00268412,0.00391338,,24.54102482,5,0.15300000,1,1
2,1,10,1.20000000,-0.75000000,1.20407098,-0.75153672,0.00435137,0.00645176,,25.89274438,12,0.36100000,1,1
2,1,11,1.20000000,-0.75000000,1.20880234,-0.75095996,0.00885453,0.00500679,,24.54905247,16,0.47900000,1,1
2,1,12,1.20000000,-0.75000000,1.19841183,-0.74229789,0.00786414,0.00298245,,35.17481451,19,0.55900000,1,1
2,1,13,1.20000000,-0.75000000,1.19656721,-0.75304901,0.00459135,0.00373212,,30.95060605,6,0.18400000,1,1
2,1,14,1.20000000,-0.75000000,1.19844572,-0.76488681,0.01496773,0.01559245,,21.97809479,6,0.18100000,1,1
2,1,15,1.20000000,-0.75000000,1.19883410,-0.75624814,0.00635599,0.00507030,,19.04842961,9,0.27200000,1,1
2,1,16,1.20000000,-0.75000000,1.19556845,-0.75282248,0.00525404,0.00508067,,27.16908486,5,0.15500000,1,1
2,1,17,1.20000000,-0.75000000,1.19768955,-0.74447756,0.00598628,0.00781443,,18.00177249,6,0.18000000,1,1
2,1,18,1.20000000,-0.75000000,1.21341983,-0.77135274,0.02521966,0.02556990,,29.35411481,5,0.15200000,1,1
2,1,19,1.20000000,-0.75000000,1.20553606,-0.75803796,0.00975995,0.01055165,,26.24424194,11,0.32700000,1,1
2,1,20,1.20000000,-0.75000000,1.20613538,-0.74830981,0.00636393,0.00831209,,22.47973415,9,0.26500000,1,1
2,1,21,1.20000000,-0.75000000,1.19952590,-0.74383226,0.00618594,0.00682114,,26.17251685,5,0.15100000,1,1
2,1,22,1.20000000,-0.75000000,1.20201049,-0.75611997,0.00644175,0.00936795,,20.97387911,6,0.18000000,1,1
2,1,23,1.20000000,-0.75000000,1.19762712,-0.74689557,0.00390744,0.00377708,,22.01606670,5,0.15500000,1,1
2,1,24,1.20000000,-0.75000000,1.19864675,-0.75152525,0.00203904,0.00242119,,28.54122869,5,0.15100000,1,1
2,1,25,1.20000000,-0.75000000,1.19584058,-0.75189118,0.00456917,0.00468045,,33.68539016,6,0.17900000,1,1
2,1,26,1.20000000,-0.75000000,1.20048176,-0.74069746,0.00931500,0.00957112,,27.32044007,11,0.32300000,1,1
2,1,27,1.20000000,-0.75000000,1.18540300,-0.73285201,0.02251946,0.01858076,,26.42259062,5,0.15000000,1,1
2,1,28,1.20000000,-0.75000000,1.20679602,-0.76562042,0.01703477,0.01620352,,32.17975605,6,0.17800000,1,1
2,1,29,1.20000000,-0.75000000,1.20497032,-0.74312093,0.00848679,0.00566620,,20.93599936,6,0.18000000,1,1
2,1,30,1.20000000,-0.75000000,1.19754187,-0.74133051,0.00901124,0.01332962,,29.57330611,6,0.18400000,1,1
2,1,31,1.20000000,-0.75000000,1.19336052,-0.73386405,0.01744854,0.01410731,,23.80296576,6,0.17900000,1,1
2,1,32,1.20000000,-0.75000000,1.19991021,-0.75515617,0.00515695,0.01262804,,23.64453930,18,0.52100000,1,1
2,1,33,1.20000000,-0.75000000,1.20105188,-0.74977500,0.00107567,0.00290410,,23.67296249,16,0.47700000,1,1
2,1,34,1.20000000,-0.75000000,1.18996500,-0.74817358,0.01019986,0.01007175,,23.71164576,10,0.29400000,1,1
2,1,35,1.20000000,-0.75000000,1.19664693,-0.73933926,0.01117562,0.01490892,,32.93187152,6,0.18100000,1,1
2,1,36,1.20000000,-0.75000000,1.20802634,-0.75465980,0.00928095,0.00784457,,16.32821185,6,0.17900000,1,1
2,1,37,1.20000000,-0.75000000,1.20621581,-0.74291985,0.00942151,0.00707890,,21.48287128,6,0.17900000,1,1
2,1,38,1.20000000,-0.75000000,1.18894863,-0.73837459,0.01604004,0.01558343,,22.66268022,11,0.32400000,1,1
2,1,39,1.20000000,-0.75000000,1.19223053,-0.75038675,0.00777909,0.00568753,,27.01770827,6,0.17900000,1,1
2,1,40,1.20000000,-0.75000000,1.18352063,-0.74387852,0.01757959,0.01747404,,27.54494283,17,0.49500000,1,1
2,1,41,1.20000000,-0.75000000,1.19164993,-0.74970769,0.00835519,0.00841140,,21.60754491,5,0.15200000,1,1
2,1,42,1.20000000,-0.75000000,1.19433016,-0.73810186,0.01318001,0.01406816,,24.16606788,6,0.18000000,1,1
2,1,43,1.20000000,-0.75000000,1.19999139,-0.76030843,0.01030843,0.00961698,,22.64263099,5,0.15100000,1,1
2,1,44,1.20000000,-0.75000000,1.19714837,-0.75662159,0.00720952,0.00345650,,23.35495909,6,0.18100000,1,1
2,1,45,1.20000000,-0.75000000,1.19416521,-0.73214990,0.01877953,0.01691730,,23.66316528,6,0.18100000,1,1
2,1,46,1.20000000,-0.75000000,1.20306568,-0.74668666,0.00451405,0.00559663,,25.38278340,6,0.18000000,1,1
2,1,47,1.20000000,-0.75000000,1.18955567,-0.74861719,0.01053547,0.00916296,,20.07670298,6,0.18000000,1,1
2,1,48,1.20000000,-0.75000000,1.19722086,-0.74248952,0.00800818,0.00244610,,27.46747439,6,0.17900000,1,1
2,1,49,1.20000000,-0.75000000,1.20102814,-0.75729032,0.00736246,0.00404439,,25.25766542,6,0.17900000,1,1
2,1,50,1.20000000,-0.75000000,1.19791358,-0.73886333,0.01133043,0.01178047,,23.45694826,6,0.17800000,1,1
2,1,51,1.20000000,-0.75000000,1.19948310,-0.74246735,0.00755037,0.00464008,,20.32167418,6,0.17900000,1,1
2,1,52,1.20000000,-0.75000000,1.19910719,-0.73505844,0.01496821,0.01069569,,22.77137562,6,0.17900000,1,1
2,1,53,1.20000000,-0.75000000,1.20792133,-0.76856256,0.02018208,0.01741326,,24.79363556,6,0.18900000,1,1
2,1,54,1.20000000,-0.75000000,1.19657188,-0.74467707,0.00633132,0.00619474,,25.86308680,6,0.18100000,1,1
2,1,55,1.20000000,-0.75000000,1.20362816,-0.75540310,0.00650823,0.00403878,,30.64575446,5,0.15200000,1,1
2,1,56,1.20000000,-0.75000000,1.19870860,-0.74738799,0.00291382,0.00606084,,27.68470862,6,0.17800000,1,1
2,1,57,1.20000000,-0.75000000,1.20882629,-0.76133297,0.01436453,0.01103788,,31.28877297,6,0.18500000,1,1
2,1,58,1.20000000,-0.75000000,1.19860017,-0.74700273,0.00330805,0.00477988,,24.05062562,17,0.50500000,1,1
2,1,59,1.20000000,-0.75000000,1.20225205,-0.74392893,0.00647531,0.00567578,,26.78520271,17,0.49300000,1,1
2,1,60,1.20000000,-0.75000000,1.19508389,-0.73629531,0.01455976,0.02001597,,30.95573416,20,0.58300000,1,1
2,1,61,1.20000000,-0.75000000,1.19889456,-0.73741426,0.01263420,0.01344369,,27.38948097,6,0.17900000,1,1
2,1,62,1.20000000,-0.75000000,1.20679276,-0.76647175,0.01781741,0.01588280,,32.78414169,8,0.23600000,1,1
2,1,63,1.20000000,-0.75000000,1.19424252,-0.74327886,0.00884999,0.00994844,,27.91929214,6,0.17900000,1,1
2,1,64,1.20000000,-0.75000000,1.19734147,-0.73961071,0.01072404,0.00792570,,33.51715101,6,0.17900000,1,1
2,1,65,1.20000000,-0.75000000,1.19391549,-0.75000639,0.00608451,0.00067070,,25.51373164,9,0.26600000,1,1
2,1,66,1.20000000,-0.75000000,1.19930375,-0.75040059,0.00080326,0.00113035,,21.03963670,8,0.23600000,1,1
2,1,67,1.20000000,-0.75000000,1.20176080,-0.74358336,0.00665384,0.00857827,,22.17709689,11,0.32100000,1,1
2,1,68,1.20000000,-0.75000000,1.20170406,-0.74485496,0.00541989,0.00340505,,29.73651321,9,0.26600000,1,1
2,1,69,1.20000000,-0.75000000,1.19253929,-0.75079544,0.00750299,0.00612900,,25.98976467,6,0.17900000,1,1
2,1,70,1.20000000,-0.75000000,1.20428926,-0.75280267,0.00512374,0.00133881,,22.98674450,14,0.41000000,1,1
2,1,71,1.20000000,-0.75000000,1.19795862,-0.74568511,0.00477342,0.00542871,,19.14272982,6,0.18000000,1,1
2,1,72,1.20000000,-0.75000000,1.20055666,-0.75677623,0.00679905,0.00447245,,25.44408872,5,0.15100000,1,1
2,1,73,1.20000000,-0.75000000,1.20444815,-0.75236197,0.00503636,0.00611359,,30.68691132,6,0.17900000,1,1
2,1,74,1.20000000,-0.75000000,1.20701516,-0.74038375,0.01190314,0.01358144,,23.12695446,11,0.32400000,1,1
2,1,75,1.20000000,-0.75000000,1.20366634,-0.74782305,0.00426393,0.00376590,,28.71350719,11,0.32300000,1,1
2,1,76,1.20000000,-0.75000000,1.19728547,-0.73944201,0.01090137,0.01076920,,18.86387902,6,0.18300000,1,1
2,1,77,1.20000000,-0.75000000,1.19443261,-0.75465933,0.00725983,0.00767898,,26.54775477,5,0.15100000,1,1
2,1,78,1.20000000,-0.75000000,1.19210142,-0.74599241,0.00885711,0.00765351,,25.14666617,6,0.18000000,1,1
2,1,79,1.20000000,-0.75000000,1.19613334,-0.73960906,0.01108705,0.01333300,,20.08143942,5,0.15000000,1,1
2,1,80,1.20000000,-0.75000000,1.20236627,-0.74955459,0.00240782,0.00587711,,28.09770700,6,0.18000000,1,1
2,1,81,1.20000000,-0.75000000,1.20490996,-0.75161712,0.00516941,0.00727772,,22.96429961,6,0.17900000,1,1
2,1,82,1.20000000,-0.75000000,1.19437342,-0.74190383,0.00985933,0.00809848,,22.46790437,6,0.18200000,1,1
2,1,83,1.20000000,-0.75000000,1.19317489,-0.75805459,0.01055739,0.00667653,,23.72263555,80,2.30400000,0,1
2,1,84,1.20000000,-0.75000000,1.18701814,-0.73310225,0.02130875,0.01847392,,30.74139993,16,0.46700000,1,1
2,1,85,1.20000000,-0.75000000,1.19546532,-0.74107833,0.01000798,0.00803563,,21.97665524,12,0.35300000,1,1
2,1,86,1.20000000,-0.75000000,1.19430926,-0.74473894,0.00775005,0.00680570,,28.14109424,9,0.27200000,1,1
2,1,87,1.20000000,-0.75000000,1.18897658,-0.74660247,0.01153512,0.01276811,,22.59460784,6,0.18400000,1,1
2,1,88,1.20000000,-0.75000000,1.20105380,-0.75562096,0.00571889,0.00767310,,23.11694466,6,0.18000000,1,1
2,1,89,1.20000000,-0.75000000,1.19475103,-0.74051371,0.01084165,0.01242927,,28.90179881,5,0.15000000,1,1
2,1,90,1.20000000,-0.75000000,1.19907979,-0.74994553,0.00092182,0.00293825,,32.14221448,6,0.17900000,1,1
2,1,91,1.20000000,-0.75000000,1.20116537,-0.75103154,0.00155633,0.00327074,,30.84316906,6,0.18000000,1,1
2,1,92,1.20000000,-0.75000000,1.19660494,-0.73589235,0.01451042,0.01283520,,25.37526015,6,0.17900000,1,1
2,1,93,1.20000000,-0.75000000,1.20735027,-0.75152916,0.00750765,0.01008576,,25.53271007,6,0.17900000,1,1
2,1,94,1.20000000,-0.75000000,1.19227213,-0.74748461,0.00812694,0.00693165,,22.66113960,6,0.18100000,1,1
2,1,95,1.20000000,-0.75000000,1.19535352,-0.74127559,0.00988459,0.01242126,,26.34350540,6,0.17900000,1,1
2,1,96,1.20000000,-0.75000000,1.20457717,-0.75542190,0.00709560,0.00841534,,25.51873837,5,0.15100000,1,1
2,1,97,1.20000000,-0.75000000,1.20571366,-0.76500791,0.01605874,0.01614856,,21.50522256,10,0.29300000,1,1
2,1,98,1.20000000,-0.75000000,1.20555583,-0.74680433,0.00640933,0.00114098,,25.56700144,9,0.26500000,1,1
2,1,99,1.20000000,-0.75000000,1.20673472,-0.75628766,0.00921364,0.01040498,,29.05276588,6,0.17900000,1,1
2,2,0,1.20000000,-0.75000000,1.20210792,-0.75526851,0.00567455,0.00287705,,63.25730361,6,0.36600000,1,1
2,2,1,1.20000000,-0.75000000,1.20042299,-0.74764707,0.00239065,0.00547715,,41.63495222,6,0.35800000,1,1
2,2,2,1.20000000,-0.75000000,1.19789417,-0.73893711,0.01126153,0.00906656,,45.93888710,6,0.35800000,1,1
2,2,3,1.20000000,-0.75000000,1.18877781,-0.74315322,0.01314595,0.01494654,,46.39557720,6,0.35700000,1,1
2,2,4,1.20000000,-0.75000000,1.19145532,-0.74390361,0.01049655,0.01149784,,55.65966787,6,0.35600000,1,1
2,2,5,1.20000000,-0.75000000,1.20163151,-0.74308683,0.00710308,0.00469728,,53.91626054,5,0.29800000,1,1
2,2,6,1.20000000,-0.75000000,1.19761266,-0.75561302,0.00609962,0.00732232,,56.41814473,5,0.29800000,1,1
2,2,7,1.20000000,-0.75000000,1.19381229,-0.74618433,0.00726960,0.00511704,,54.73249280,16,0.92500000,1,1
2,2,8,1.20000000,-0.75000000,1.20335451,-0.75712702,0.00787700,0.00732610,,48.21033487,12,0.69700000,1,1
2,2,9,1.20000000,-0.75000000,1.18723805,-0.74691318,0.01312996,0.01088772,,47.97762427,6,0.35600000,1,1
2,2,10,1.20000000,-0.75000000,1.20247449,-0.74798244,0.00319275,0.00277994,,50.80004678,5,0.29900000,1,1
2,2,11,1.20000000,-0.75000000,1.20040649,-0.75227075,0.00230684,0.00288331,,61.95345445,5,0.29800000,1,1
2,2,12,1.20000000,-0.75000000,1.20467272,-0.76069084,0.01166740,0.01125822,,38.04877729,6,0.35500000,1,1
2,2,13,1.20000000,-0.75000000,1.20621762,-0.75392034,0.00735037,0.00537566,,55.89505962,6,0.35800000,1,1
2,2,14,1.20000000,-0.75000000,1.20181414,-0.75007727,0.00181579,0.00424699,,49.05453798,6,0.36600000,1,1
2,2,15,1.20000000,-0.75000000,1.20087732,-0.75067398,0.00110632,0.00343570,,43.38409669,17,0.99100000,1,1
2,2,16,1.20000000,-0.75000000,1.19603021,-0.74217455,0.00877479,0.00771817,,52.53087413,6,0.36200000,1,1
2,2,17,1.20000000,-0.75000000,1.20277112,-0.74941353,0.00283250,0.00308757,,55.28860983,5,0.30100000,1,1
2,2,18,1.20000000,-0.75000000,1.19913989,-0.75324694,0.00335893,0.00425312,,52.08234755,6,0.35600000,1,1
2,2,19,1.20000000,-0.75000000,1.19599577,-0.74397027,0.00723820,0.00673258,,52.63277745,5,0.30400000,1,1
2,2,20,1.20000000,-0.75000000,1.19810262,-0.75236395,0.00303122,0.00530698,,45.56085705,5,0.31500000,1,1
2,2,21,1.20000000,-0.75000000,1.20484876,-0.76308547,0.01395492,0.01503034,,50.89111269,5,0.30500000,1,1
2,2,22,1.20000000,-0.75000000,1.20674625,-0.75215293,0.00708145,0.00701759,,54.30690430,5,0.31000000,1,1
2,2,23,1.20000000,-0.75000000,1.20890760,-0.74976433,0.00891072,0.00814871,,70.86987200,6,0.36900000,1,1
2,2,24,1.20000000,-0.75000000,1.19830840,-0.74869347,0.00213741,0.00307667,,54.71071695,6,0.35600000,1,1
2,2,25,1.20000000,-0.75000000,1.20058838,-0.75256795,0.00263450,0.00394826,,52.36247407,5,0.30000000,1,1
2,2,26,1.20000000,-0.75000000,1.19564988,-0.74383927,0.00754176,0.00732717,,45.59742003,9,0.53000000,1,1
2,2,27,1.20000000,-0.75000000,1.20427945,-0.74687615,0.00529832,0.00245830,,41.09874203,5,0.30600000,1,1
2,2,28,1.20000000,-0.75000000,1.20756840,-0.75392567,0.00852594,0.00718952,,51.69458109,5,0.29700000,1,1
2,2,29,1.20000000,-0.75000000,1.19943943,-0.75085478,0.00102220,0.00421046,,53.29692657,5,0.29800000,1,1
2,2,30,1.20000000,-0.75000000,1.20306257,-0.75112835,0.00326382,0.00429820,,61.46010482,5,0.29700000,1,1
2,2,31,1.20000000,-0.75000000,1.19736529,-0.75142681,0.00299625,0.00284440,,52.04923979,5,0.30200000,1,1
2,2,32,1.20000000,-0.75000000,1.19316119,-0.73887014,0.01306304,0.01358096,,49.96630744,6,0.35600000,1,1
2,2,33,1.20000000,-0.75000000,1.20208763,-0.74768632,0.00311630,0.00394466,,49.80639598,6,0.35400000,1,1
2,2,34,1.20000000,-0.75000000,1.19877224,-0.74439756,0.00573540,0.00544900,,49.50073257,6,0.35500000,1,1
2,2,35,1.20000000,-0.75000000,1.20596530,-0.75070085,0.00600633,0.00755788,,46.50579062,6,0.35800000,1,1
2,2,36,1.20000000,-0.75000000,1.19772015,-0.75745947,0.00780009,0.00646060,,68.03015554,6,0.37800000,1,1
2,2,37,1.20000000,-0.75000000,1.19510961,-0.75231953,0.00541259,0.00372324,,46.33944708,6,0.35800000,1,1
2,2,38,1.20000000,-0.75000000,1.20038992,-0.74480527,0.00520935,0.00434685,,45.44263500,6,0.35700000,1,1
2,2,39,1.20000000,-0.75000000,1.20012871,-0.75787525,0.00787630,0.01039304,,40.48882736,6,0.40200000,1,1
2,2,40,1.20000000,-0.75000000,1.19717602,-0.74195294,0.00852819,0.00991420,,53.39054264,5,0.38100000,1,1
2,2,41,1.20000000,-0.75000000,1.20382415,-0.76298737,0.01353869,0.01322272,,46.22012216,20,1.67900000,1,1
2,2,42,1.20000000,-0.75000000,1.20509103,-0.74954359,0.00511145,0.00561143,,47.13791844,6,0.50500000,1,1
2,2,43,1.20000000,-0.75000000,1.19523075,-0.74147051,0.00977230,0.00685385,,56.48258735,5,0.42100000,1,1
2,2,44,1.20000000,-0.75000000,1.19890502,-0.74673012,0.00344835,0.00184262,,43.49629722,6,0.42800000,1,1
2,2,45,1.20000000,-0.75000000,1.19279690,-0.74297256,0.01006328,0.01244651,,45.83658064,6,0.36400000,1,1
2,2,46,1.20000000,-0.75000000,1.19426194,-0.74733929,0.00632493,0.00755691,,50.70039838,5,0.30000000,1,1
2,2,47,1.20000000,-0.75000000,1.20397064,-0.74732160,0.00478955,0.00392860,,45.08261374,6,0.36100000,1,1
2,2,48,1.20000000,-0.75000000,1.19370027,-0.74798499,0.00661415,0.00674236,,52.28066328,5,0.30000000,1,1
2,2,49,1.20000000,-0.75000000,1.19815692,-0.74661785,0.00385174,0.00407688,,53.19630378,80,4.54900000,0,1
2,2,50,1.20000000,-0.75000000,1.20586378,-0.75583412,0.00827169,0.00755947,,51.81004494,6,0.35900000,1,1
2,2,51,1.20000000,-0.75000000,1.20215157,-0.74399048,0.00638307,0.00577984,,41.83309295,5,0.29700000,1,1
2,2,52,1.20000000,-0.75000000,1.19458005,-0.74396449,0.00811192,0.00971823,,46.37342629,6,0.35700000,1,1
2,2,53,1.20000000,-0.75000000,1.20172896,-0.76278143,0.01289784,0.01144411,,48.99312913,5,0.29900000,1,1
2,2,54,1.20000000,-0.75000000,1.21077196,-0.75917182,0.01414770,0.01163033,,50.44189558,6,0.36300000,1,1
2,2,55,1.20000000,-0.75000000,1.20328979,-0.76035663,0.01086658,0.00904978,,46.81022972,5,0.30200000,1,1
2,2,56,1.20000000,-0.75000000,1.20205992,-0.75346320,0.00402952,0.00533984,,50.51000651,6,0.35800000,1,1
2,2,57,1.20000000,-0.75000000,1.19526211,-0.74847558,0.00497709,0.00468788,,49.57386348,6,0.35600000,1,1
2,2,58,1.20000000,-0.75000000,1.19564695,-0.75080483,0.00442682,0.00435522,,50.23156876,5,0.29900000,1,1
2,2,59,1.20000000,-0.75000000,1.19412204,-0.74293435,0.00919096,0.00741249,,53.38011899,5,0.30000000,1,1
2,2,60,1.20000000,-0.75000000,1.19569756,-0.74892594,0.00443448,0.00379883,,53.45779217,9,0.52700000,1,1
2,2,61,1.20000000,-0.75000000,1.19513813,-0.74622048,0.00615813,0.00282395,,44.07274659,6,0.36500000,1,1
2,2,62,1.20000000,-0.75000000,1.19437227,-0.74246166,0.00940733,0.00792937,,49.20182068,5,0.31000000,1,1
2,2,63,1.20000000,-0.75000000,1.20157211,-0.75122665,0.00199404,0.00616345,,46.00395733,5,0.30400000,1,1
2,2,64,1.20000000,-0.75000000,1.20699254,-0.75287646,0.00756106,0.00634524,,45.16721519,6,0.36200000,1,1
2,2,65,1.20000000,-0.75000000,1.19615642,-0.74997589,0.00384366,0.00896347,,46.54971162,6,0.36300000,1,1
2,2,66,1.20000000,-0.75000000,1.19341935,-0.75015011,0.00658237,0.00637894,,53.11412200,5,0.30500000,1,1
2,2,67,1.20000000,-0.75000000,1.19622917,-0.74392832,0.00714734,0.00955606,,45.00276668,5,0.30700000,1,1
2,2,68,1.20000000,-0.75000000,1.19907652,-0.74438187,0.00569352,0.00592075,,44.57771634,5,0.30300000,1,1
2,2,69,1.20000000,-0.75000000,1.19694973,-0.75574263,0.00650245,0.00700488,,40.77439395,6,0.36700000,1,1
2,2,70,1.20000000,-0.75000000,1.19961361,-0.75198033,0.00201767,0.00146518,,50.85132065,6,0.36000000,1,1
2,2,71,1.20000000,-0.75000000,1.19678456,-0.75388822,0.00504553,0.00261115,,44.16088280,5,0.29900000,1,1
2,2,72,1.20000000,-0.75000000,1.20473781,-0.74869180,0.00491510,0.00512763,,60.65175132,5,0.30200000,1,1
2,2,73,1.20000000,-0.75000000,1.20714849,-0.75506258,0.00875960,0.00877602,,54.94238127,80,4.58200000,0,1
2,2,74,1.20000000,-0.75000000,1.20427484,-0.74492534,0.00663524,0.00520100,,51.62480978,6,0.35400000,1,1
2,2,75,1.20000000,-0.75000000,1.18774652,-0.73886674,0.01655588,0.01574946,,48.65371012,20,1.15300000,1,1
2,2,76,1.20000000,-0.75000000,1.20370411,-0.74344217,0.00753164,0.00651999,,42.61459218,5,0.30100000,1,1
2,2,77,1.20000000,-0.75000000,1.19929195,-0.75419345,0.00425281,0.00365432,,62.95868238,17,0.98600000,1,1
2,2,78,1.20000000,-0.75000000,1.19958132,-0.74744750,0.00258661,0.00274786,,51.00747804,5,0.29700000,1,1
2,2,79,1.20000000,-0.75000000,1.19726616,-0.74633396,0.00457315,0.00582749,,55.49692658,6,0.35500000,1,1
2,2,80,1.20000000,-0.75000000,1.20195506,-0.75195033,0.00276153,0.00366841,,46.62132822,5,0.30300000,1,1
2,2,81,1.20000000,-0.75000000,1.19475608,-0.75567758,0.00772875,0.00569377,,52.92854740,6,0.35300000,1,1
2,2,82,1.20000000,-0.75000000,1.20527014,-0.75587625,0.00789333,0.00630688,,56.75799155,5,0.29800000,1,1
2,2,83,1.20000000,-0.75000000,1.20491435,-0.74674323,0.00589554,0.00301458,,50.46607987,6,0.35200000,1,1
2,2,84,1.20000000,-0.75000000,1.19415705,-0.74885753,0.00595359,0.00465891,,62.95992591,5,0.29900000,1,1
2,2,85,1.20000000,-0.75000000,1.20497386,-0.75181680,0.00529529,0.00535266,,43.01135854,5,0.30200000,1,1
2,2,86,1.20000000,-0.75000000,1.19184932,-0.74814173,0.00835983,0.00967015,,47.77512648,6,0.35700000,1,1
2,2,87,1.20000000,-0.75000000,1.19428925,-0.75353035,0.00671387,0.00911527,,53.95215420,6,0.35500000,1,1
2,2,88,1.20000000,-0.75000000,1.19987617,-0.74927891,0.00073164,0.00412342,,40.83731771,6,0.36100000,1,1
2,2,89,1.20000000,-0.75000000,1.20922609,-0.75132782,0.00932115,0.00635918,,48.44242583,17,0.98700000,1,1
2,2,90,1.20000000,-0.75000000,1.19628748,-0.74600521,0.00545355,0.00587129,,55.35937858,5,0.30200000,1,1
2,2,91,1.20000000,-0.75000000,1.19879339,-0.74837098,0.00202722,0.00589453,,58.13761839,6,0.35400000,1,1
2,2,92,1.20000000,-0.75000000,1.19921605,-0.74800237,0.00214595,0.00576101,,40.03652133,6,0.35300000,1,1
2,2,93,1.20000000,-0.75000000,1.20027661,-0.75207343,0.00209180,0.00342630,,53.33646549,5,0.29800000,1,1
2,2,94,1.20000000,-0.75000000,1.19536699,-0.75019470,0.00463710,0.00486396,,52.67209377,6,0.35900000,1,1
2,2,95,1.20000000,-0.75000000,1.20382724,-0.75589821,0.00703112,0.00661126,,49.08902752,6,0.35300000,1,1
2,2,96,1.20000000,-0.75000000,1.19890358,-0.74711584,0.00308553,0.00468800,,48.36545727,5,0.29800000,1,1
2,2,97,1.20000000,-0.75000000,1.20239202,-0.75555057,0.00604406,0.00723071,,60.05152777,5,0.29500000,1,1
2,2,98,1.20000000,-0.75000000,1.19815088,-0.74883201,0.00218711,0.00479848,,62.67450811,6,0.35700000,1,1
2,2,99,1.20000000,-0.75000000,1.19598326,-0.74968289,0.00402924,0.00543404,,52.79094518,6,0.35300000,1,1
3,1,0,1.20000000,-0.75000000,1.19954409,-0.81242899,0.06243066,0.12408516,0.04212343,3642.91333674,80,2.40600000,1,0
3,1,1,1.20000000,-0.75000000,1.19190753,-0.81822333,0.06870161,0.13922287,0.04452162,4355.94086562,80,2.36100000,1,0
3,1,2,1.20000000,-0.75000000,1.17804189,-0.82236582,0.07562387,0.14235344,0.04926890,4367.18410889,80,2.37200000,1,0
3,1,3,1.20000000,-0.75000000,1.18206284,-0.82447979,0.07660927,0.14899820,0.05276913,4835.83819665,80,2.35400000,1,0
3,1,4,1.20000000,-0.75000000,1.18995389,-0.83844138,0.08901012,0.15152438,0.04834728,5205.60967231,80,2.33000000,1,0
3,1,5,1.20000000,-0.75000000,1.18534851,-0.81713101,0.06871127,0.13375322,0.04214240,4064.81543603,80,2.33000000,1,0
3,1,6,1.20000000,-0.75000000,1.20104276,-0.82489854,0.07490580,0.13680949,0.04339002,4489.27777641,80,2.32300000,1,0
3,1,7,1.20000000,-0.75000000,1.17407360,-0.82172344,0.07626552,0.14115591,0.04152525,4588.72669725,80,2.31600000,1,0
3,1,8,1.20000000,-0.75000000,1.17743658,-0.81146229,0.06547305,0.14153950,0.03884998,4778.41926056,80,2.27900000,1,0
3,1,9,1.20000000,-0.75000000,1.18238278,-0.83036693,0.08227521,0.14423767,0.04678424,4906.45273868,80,2.30500000,1,0
3,1,10,1.20000000,-0.75000000,1.19169929,-0.81147538,0.06203325,0.13278712,0.03475890,4602.29194640,80,2.29200000,1,0
3,1,11,1.20000000,-0.75000000,1.18634886,-0.81620807,0.06760076,0.14087156,0.04034215,4912.25936562,80,2.29700000,1,0
3,1,12,1.20000000,-0.75000000,1.17623253,-0.82493029,0.07860942,0.13204613,0.04673752,3633.07644523,80,2.30200000,1,0
3,1,13,1.20000000,-0.75000000,1.18419484,-0.80644257,0.05861371,0.13795605,0.04065807,4486.88798480,80,2.31100000,1,0
3,1,14,1.20000000,-0.75000000,1.18870579,-0.81586441,0.06682574,0.14802287,0.04865717,4790.17617954,80,2.30600000,1,0
3,1,15,1.20000000,-0.75000000,1.18409371,-0.81041852,0.06247726,0.13422465,0.03866316,4445.08707334,80,2.28100000,1,0
3,1,16,1.20000000,-0.75000000,1.17072343,-0.82498198,0.08049481,0.13859294,0.04430374,4252.34401329,80,2.26600000,1,0
3,1,17,1.20000000,-0.75000000,1.18491078,-0.81257077,0.06436447,0.14391285,0.04660544,4771.93199742,80,2.26400000,1,0
3,1,18,1.20000000,-0.75000000,1.17664747,-0.82225751,0.07593740,0.14842428,0.05029444,4695.35806587,80,2.29600000,1,0
3,1,19,1.20000000,-0.75000000,1.19648064,-0.82186944,0.07195556,0.14450073,0.04238136,5214.62848449,80,2.29300000,1,0
3,1,20,1.20000000,-0.75000000,1.18644706,-0.81929062,0.07060362,0.14011604,0.04680506,4490.04499081,80,2.32100000,1,0
3,1,21,1.20000000,-0.75000000,1.18249240,-0.82591238,0.07790511,0.14946228,0.04661801,5168.36012028,80,2.29000000,1,0
3,1,22,1.20000000,-0.75000000,1.19011566,-0.82833615,0.07895729,0.14882897,0.04594342,5468.21955105,80,2.26800000,1,0
3,1,23,1.20000000,-0.75000000,1.18117953,-0.81858889,0.07112416,0.14162052,0.04066353,4582.47236608,80,2.29300000,1,0
3,1,24,1.20000000,-0.75000000,1.18526752,-0.81202607,0.06375170,0.13927776,0.04244238,4043.02151520,80,2.28300000,1,0
3,1,25,1.20000000,-0.75000000,1.17744831,-0.81476572,0.06857971,0.13351337,0.03754659,4275.76428358,80,2.30100000,1,0
3,1,26,1.20000000,-0.75000000,1.18430073,-0.82208813,0.07377782,0.13451728,0.04328879,3957.70030219,80,2.30900000,1,0
3,1,27,1.20000000,-0.75000000,1.18113611,-0.81997111,0.07246932,0.14206217,0.04145045,4679.70554375,80,2.28400000,1,0
3,1,28,1.20000000,-0.75000000,1.18795813,-0.83569459,0.08653652,0.14445951,0.04854086,4607.54124412,80,2.27600000,1,0
3,1,29,1.20000000,-0.75000000,1.18284237,-0.81640282,0.06858366,0.14745877,0.04685807,4707.52552409,80,2.30000000,1,0
3,1,30,1.20000000,-0.75000000,1.17976598,-0.81508609,0.06815875,0.15057670,0.04538882,4914.61347908,80,2.30900000,1,0
3,1,31,1.20000000,-0.75000000,1.18552514,-0.81414549,0.06575838,0.13722232,0.04467958,4082.82650556,80,2.28900000,1,0
3,1,32,1.20000000,-0.75000000,1.18401126,-0.82658289,0.07823413,0.14002078,0.05003414,4147.71298517,80,2.28800000,1,0
3,1,33,1.20000000,-0.75000000,1.19482850,-0.83296480,0.08312582,0.15143028,0.04750857,5434.20872997,80,2.27400000,1,0
3,1,34,1.20000000,-0.75000000,1.17504934,-0.81107568,0.06597556,0.13445251,0.04227987,4282.97799460,80,2.31500000,1,0
3,1,35,1.20000000,-0.75000000,1.16644923,-0.82123916,0.07874435,0.12690099,0.04363933,3508.82565612,80,2.27300000,1,0
3,1,36,1.20000000,-0.75000000,1.17875088,-0.81374693,0.06719521,0.14920609,0.04145021,5487.32426195,80,2.26900000,1,0
3,1,37,1.20000000,-0.75000000,1.18066172,-0.82370973,0.07620428,0.14716228,0.03885250,5694.14903167,80,2.26500000,1,0
3,1,38,1.20000000,-0.75000000,1.16834291,-0.81145311,0.06912782,0.13656237,0.04544021,3767.50206883,80,2.28600000,1,0
3,1,39,1.20000000,-0.75000000,1.18820961,-0.81593667,0.06698252,0.13979918,0.04460495,4412.09082356,80,2.29500000,1,0
3,1,40,1.20000000,-0.75000000,1.19295750,-0.81784489,0.06820943,0.14710115,0.04307662,5300.58553246,80,2.28300000,1,0
3,1,41,1.20000000,-0.75000000,1.17625645,-0.81905822,0.07302598,0.14163046,0.04170594,4655.79683607,80,2.27800000,1,0
3,1,42,1.20000000,-0.75000000,1.18363205,-0.82686274,0.07858620,0.14588583,0.04719840,4716.57383413,80,2.28600000,1,0
3,1,43,1.20000000,-0.75000000,1.18028400,-0.82233728,0.07497601,0.14210314,0.04242832,4952.62647790,80,2.29100000,1,0
3,1,44,1.20000000,-0.75000000,1.18789538,-0.82641646,0.07736923,0.14254261,0.04702280,4575.93384151,80,2.28100000,1,0
3,1,45,1.20000000,-0.75000000,1.19213546,-0.81736677,0.06782428,0.14442557,0.04346047,5125.77072250,80,2.28400000,1,0
3,1,46,1.20000000,-0.75000000,1.18897143,-0.82099851,0.07184997,0.13664172,0.04584448,4130.90771190,80,2.28600000,1,0
3,1,47,1.20000000,-0.75000000,1.17009288,-0.83281100,0.08804600,0.14597285,0.04605121,4974.69517682,80,2.26900000,1,0
3,1,48,1.20000000,-0.75000000,1.18080426,-0.83114945,0.08338891,0.14677014,0.04795276,4680.02778927,80,2.27000000,1,0
3,1,49,1.20000000,-0.75000000,1.18657140,-0.82610723,0.07728284,0.13410902,0.04182611,4292.07348847,80,2.29700000,1,0
3,1,50,1.20000000,-0.75000000,1.19116309,-0.82632463,0.07683450,0.13752736,0.04350856,4579.36780427,80,2.33200000,1,0
3,1,51,1.20000000,-0.75000000,1.18689775,-0.81900141,0.07023434,0.14162037,0.04752010,4531.23549597,80,2.29600000,1,0
3,1,52,1.20000000,-0.75000000,1.19685733,-0.82250448,0.07257256,0.14448826,0.04382630,5045.04358126,80,2.30700000,1,0
3,1,53,1.20000000,-0.75000000,1.17865155,-0.82198160,0.07508067,0.14439770,0.04659180,4518.53298132,80,2.36400000,1,0
3,1,54,1.20000000,-0.75000000,1.18044590,-0.81939490,0.07209726,0.15405903,0.05151201,5562.21789397,80,2.36100000,1,0
3,1,55,1.20000000,-0.75000000,1.18423710,-0.81559061,0.06745811,0.13496829,0.03833466,4498.76299240,80,2.29200000,1,0
3,1,56,1.20000000,-0.75000000,1.18506653,-0.82627957,0.07772761,0.14752377,0.04686226,5125.26411870,80,2.29200000,1,0
3,1,57,1.20000000,-0.75000000,1.17151851,-0.82341779,0.07874876,0.14567383,0.04260126,5399.76174249,80,2.28600000,1,0
3,1,58,1.20000000,-0.75000000,1.18513422,-0.82641948,0.07785197,0.14002294,0.04282444,4624.58994361,80,2.28400000,1,0
3,1,59,1.20000000,-0.75000000,1.17830599,-0.81215175,0.06582910,0.13311019,0.04363978,3890.17577581,80,2.27600000,1,0
3,1,60,1.20000000,-0.75000000,1.19231801,-0.81545014,0.06589942,0.13809520,0.04233513,4576.91384489,80,2.29000000,1,0
3,1,61,1.20000000,-0.75000000,1.18587982,-0.81995413,0.07136498,0.14124108,0.04354890,4626.78798432,80,2.27200000,1,0
3,1,62,1.20000000,-0.75000000,1.19802268,-0.82036351,0.07039129,0.14121057,0.04533017,4649.82424749,80,2.26200000,1,0
3,1,63,1.20000000,-0.75000000,1.18463283,-0.82269954,0.07430594,0.14181814,0.04654316,4493.49894010,80,2.27800000,1,0
3,1,64,1.20000000,-0.75000000,1.17516207,-0.82700111,0.08090794,0.13983734,0.04472684,4483.68096387,80,2.29200000,1,0
3,1,65,1.20000000,-0.75000000,1.16602201,-0.80563055,0.06518637,0.13301631,0.03783788,4133.14650415,80,2.29400000,1,0
3,1,66,1.20000000,-0.75000000,1.18398627,-0.81809087,0.06994859,0.13867418,0.04222583,4547.85614317,80,2.28800000,1,0
3,1,67,1.20000000,-0.75000000,1.18434663,-0.80669421,0.05881549,0.12990626,0.03822594,3939.55047375,80,2.28400000,1,0
3,1,68,1.20000000,-0.75000000,1.17911944,-0.82498881,0.07784163,0.14445803,0.04554326,4781.23194505,80,2.26700000,1,0
3,1,69,1.20000000,-0.75000000,1.18133257,-0.83253398,0.08461874,0.15259088,0.04755677,5327.61941032,80,2.25900000,1,0
3,1,70,1.20000000,-0.75000000,1.18148214,-0.81775207,0.07023713,0.13121999,0.03972431,4169.65941827,80,2.25800000,1,0
3,1,71,1.20000000,-0.75000000,1.19123832,-0.82471070,0.07522271,0.13394266,0.04450477,4202.57931839,80,2.30200000,1,0
3,1,72,1.20000000,-0.75000000,1.18919823,-0.82863913,0.07937753,0.14228228,0.04870739,4538.55061171,80,2.27800000,1,0
3,1,73,1.20000000,-0.75000000,1.18683481,-0.83218595,0.08323373,0.13392603,0.04200024,4549.67124274,80,2.28100000,1,0
3,1,74,1.20000000,-0.75000000,1.17718995,-0.82676474,0.08008198,0.15249150,0.04738903,5287.54550490,80,2.27500000,1,0
3,1,75,1.20000000,-0.75000000,1.19277941,-0.82705800,0.07739556,0.14296031,0.04285487,4763.35697319,80,2.28600000,1,0
3,1,76,1.20000000,-0.75000000,1.17356760,-0.81551045,0.07064199,0.14561700,0.04421038,4840.92408307,80,2.28200000,1,0
3,1,77,1.20000000,-0.75000000,1.16609342,-0.82286128,0.08036431,0.14319682,0.04357119,4518.10554833,80,2.27500000,1,0
3,1,78,1.20000000,-0.75000000,1.18215487,-0.82159786,0.07378823,0.15209124,0.04678255,5771.86997353,80,2.34900000,1,0
3,1,79,1.20000000,-0.75000000,1.18739190,-0.80515417,0.05657691,0.13724490,0.04120996,4402.55853598,80,2.27300000,1,0
3,1,80,1.20000000,-0.75000000,1.17580881,-0.81159576,0.06617591,0.14450028,0.04662793,4518.29987666,80,2.25800000,1,0
3,1,81,1.20000000,-0.75000000,1.18221150,-0.81460229,0.06700662,0.14501758,0.04268576,4950.13561493,80,2.28700000,1,0
3,1,82,1.20000000,-0.75000000,1.16215898,-0.82093677,0.08039880,0.15251345,0.04147015,5590.88494411,80,2.27200000,1,0
3,1,83,1.20000000,-0.75000000,1.17746243,-0.82615139,0.07941647,0.14058996,0.04494266,4868.74127452,80,2.27800000,1,0
3,1,84,1.20000000,-0.75000000,1.18000968,-0.81046641,0.06368516,0.13541175,0.04096934,4344.26836264,80,2.27100000,1,0
3,1,85,1.20000000,-0.75000000,1.17588363,-0.82160950,0.07556136,0.14015269,0.04233723,4482.45485477,80,2.30400000,1,0
3,1,86,1.20000000,-0.75000000,1.17245293,-0.82309457,0.07811310,0.14687650,0.04359514,5013.88660283,80,2.29400000,1,0
3,1,87,1.20000000,-0.75000000,1.18804739,-0.82882319,0.07972428,0.14733449,0.04892599,4882.76697868,80,2.28600000,1,0
3,1,88,1.20000000,-0.75000000,1.17672293,-0.82085904,0.07458436,0.14210169,0.03915230,4931.10034139,80,2.26400000,1,0
3,1,89,1.20000000,-0.75000000,1.18737364,-0.81750651,0.06867717,0.13303771,0.03832050,4323.59405804,80,2.27800000,1,0
3,1,90,1.20000000,-0.75000000,1.18186088,-0.81829835,0.07066606,0.14670990,0.04452553,5036.26366654,80,2.33000000,1,0
3,1,91,1.20000000,-0.75000000,1.17732054,-0.83662852,0.08954808,0.16174368,0.04866646,5947.89359371,80,2.31400000,1,0
3,1,92,1.20000000,-0.75000000,1.18838914,-0.81728467,0.06827913,0.14041215,0.04061736,4796.76635107,80,2.26100000,1,0
3,1,93,1.20000000,-0.75000000,1.18731668,-0.81894720,0.07010409,0.14010735,0.04430140,4457.35388464,80,2.29500000,1,0
3,1,94,1.20000000,-0.75000000,1.18919127,-0.83151765,0.08223112,0.14343337,0.05003124,4607.56688094,80,2.30400000,1,0
3,1,95,1.20000000,-0.75000000,1.18249343,-0.82075411,0.07288775,0.13663991,0.03793434,4686.81524556,80,2.28500000,1,0
3,1,96,1.20000000,-0.75000000,1.17694531,-0.83273463,0.08588677,0.15527018,0.05173666,5267.98406069,80,2.27900000,1,0
3,1,97,1.20000000,-0.75000000,1.18671785,-0.83427921,0.08531941,0.14871865,0.04530874,5366.00342702,80,2.30900000,1,0
3,1,98,1.20000000,-0.75000000,1.18301980,-0.81807153,0.07015739,0.14315323,0.04644870,4467.08093421,80,2.27300000,1,0
3,1,99,1.20000000,-0.75000000,1.18692968,-0.82244983,0.07361937,0.13567880,0.04164788,4347.84047432,80,2.28000000,1,0
3,2,0,1.20000000,-0.75000000,1.22333679,-0.71431151,0.04264122,0.12042906,0.02540192,6732.69910210,160,10.29400000,1,0
3,2,1,1.20000000,-0.75000000,1.20589882,-0.72397309,0.02668700,0.10919439,0.02659783,6154.78013566,160,10.12800000,1,0
3,2,2,1.20000000,-0.75000000,1.21150695,-0.71747317,0.03450224,0.12308027,0.02814103,6938.72508762,160,11.09500000,1,0
3,2,3,1.20000000,-0.75000000,1.21334146,-0.72125317,0.03169188,0.12165201,0.02583002,6921.51518070,160,10.23300000,1,0
3,2,4,1.20000000,-0.75000000,1.21374964,-0.71229007,0.04013840,0.12365440,0.03255613,8250.73795046,160,10.14600000,1,0
3,2,5,1.20000000,-0.75000000,1.20524021,-0.71207186,0.03828842,0.11141535,0.02399524,6496.53280245,160,10.17800000,1,0
3,2,6,1.20000000,-0.75000000,1.21027815,-0.69322680,0.05769607,0.12498967,0.02791184,7537.49920132,160,10.16200000,1,0
3,2,7,1.20000000,-0.75000000,1.20067696,-0.71213026,0.03787579,0.12638295,0.02549545,7263.97441381,160,10.13800000,1,0
3,2,8,1.20000000,-0.75000000,1.20361392,-0.71509119,0.03509537,0.12132177,0.02536865,6945.92906215,160,10.15200000,1,0
3,2,9,1.20000000,-0.75000000,1.21264207,-0.71684892,0.03547980,0.11995470,0.03101969,7244.99944337,160,10.20900000,1,0
3,2,10,1.20000000,-0.75000000,1.19338026,-0.71465882,0.03595580,0.12590524,0.03126679,8650.52789571,160,10.35900000,1,0
3,2,11,1.20000000,-0.75000000,1.20392559,-0.72656148,0.02376498,0.12201916,0.02552042,7153.94891236,160,10.25900000,1,0
3,2,12,1.20000000,-0.75000000,1.21438864,-0.70417626,0.04802966,0.11497396,0.02930521,7207.85204004,160,10.19000000,1,0
3,2,13,1.20000000,-0.75000000,1.20098355,-0.71694273,0.03307190,0.12000314,0.02691382,7040.56370415,160,10.10200000,1,0
3,2,14,1.20000000,-0.75000000,1.20746989,-0.71592399,0.03488515,0.11807347,0.02899914,7484.88001804,160,11.43500000,1,0
3,2,15,1.20000000,-0.75000000,1.20001130,-0.72024831,0.02975169,0.11855579,0.02544484,7034.73405108,160,10.22800000,1,0
3,2,16,1.20000000,-0.75000000,1.20356011,-0.72256793,0.02766212,0.11831945,0.02642276,6850.80190091,160,10.16400000,1,0
3,2,17,1.20000000,-0.75000000,1.20796240,-0.72817768,0.02322958,0.12603754,0.03091902,8302.61113645,160,10.28700000,1,0
3,2,18,1.20000000,-0.75000000,1.20981069,-0.71163371,0.03960079,0.11797168,0.02523648,6722.64930456,160,10.11200000,1,0
3,2,19,1.20000000,-0.75000000,1.20491659,-0.71497810,0.03536533,0.12339138,0.02643379,7619.98232416,160,10.20900000,1,0
3,2,20,1.20000000,-0.75000000,1.21379749,-0.70888342,0.04336985,0.12181773,0.03014921,7727.92218051,160,10.14900000,1,0
3,2,21,1.20000000,-0.75000000,1.20407568,-0.71493318,0.03530288,0.12364437,0.02969295,7881.52361305,160,10.18300000,1,0
3,2,22,1.20000000,-0.75000000,1.21338543,-0.73001310,0.02405506,0.12632579,0.03070159,7647.68571339,160,10.14400000,1,0
3,2,23,1.20000000,-0.75000000,1.21521557,-0.70318994,0.04922089,0.11280730,0.02922787,6623.86511080,160,10.17700000,1,0
3,2,24,1.20000000,-0.75000000,1.21089247,-0.70575122,0.04556973,0.12840314,0.03300162,8066.32786540,160,10.23700000,1,0
3,2,25,1.20000000,-0.75000000,1.20531352,-0.72612332,0.02446077,0.12001172,0.02894252,7077.59634359,160,10.13000000,1,0
3,2,26,1.20000000,-0.75000000,1.21491131,-0.70122325,0.05100508,0.12393448,0.03208748,7915.46186534,160,10.12000000,1,0
3,2,27,1.20000000,-0.75000000,1.20137108,-0.71951743,0.03051339,0.11663707,0.03094163,7173.12969957,160,10.19500000,1,0
3,2,28,1.20000000,-0.75000000,1.20759854,-0.71432037,0.03647977,0.13204972,0.02932416,8505.36032643,160,10.13300000,1,0
3,2,29,1.20000000,-0.75000000,1.20555015,-0.71672928,0.03373047,0.12022350,0.02746250,7432.77172211,160,10.14800000,1,0
3,2,30,1.20000000,-0.75000000,1.20433193,-0.71563945,0.03463254,0.11628702,0.02570922,6820.91274596,160,10.19000000,1,0
3,2,31,1.20000000,-0.75000000,1.21348461,-0.72234939,0.03076347,0.11625938,0.02433516,6448.18280514,160,10.08600000,1,0
3,2,32,1.20000000,-0.75000000,1.21647133,-0.71782475,0.03614625,0.12819041,0.02637184,7540.50482705,160,10.13700000,1,0
3,2,33,1.20000000,-0.75000000,1.20234862,-0.72223560,0.02786356,0.12295268,0.03393580,8102.03103499,160,10.11700000,1,0
3,2,34,1.20000000,-0.75000000,1.20683522,-0.71443089,0.03621991,0.12531599,0.02851247,7830.42536743,160,10.12300000,1,0
3,2,35,1.20000000,-0.75000000,1.20691972,-0.71268649,0.03794971,0.12259388,0.02728355,7179.57544275,160,10.20800000,1,0
3,2,36,1.20000000,-0.75000000,1.20536922,-0.71268191,0.03770237,0.11747873,0.02739258,7143.01691846,160,10.18600000,1,0
3,2,37,1.20000000,-0.75000000,1.20847397,-0.72019747,0.03098385,0.11979930,0.03077081,7573.81542162,160,10.08800000,1,0
3,2,38,1.20000000,-0.75000000,1.20337425,-0.71257464,0.03757717,0.12996883,0.03112841,8322.19127097,160,11.57900000,1,0
3,2,39,1.20000000,-0.75000000,1.21030455,-0.70802514,0.04322121,0.12530329,0.03095468,8241.95645599,160,10.23100000,1,0
3,2,40,1.20000000,-0.75000000,1.21031482,-0.71571404,0.03580395,0.12316352,0.02995952,7225.54101392,160,10.12300000,1,0
3,2,41,1.20000000,-0.75000000,1.20055850,-0.70397814,0.04602525,0.12399773,0.02744546,7547.39614222,160,10.19700000,1,0
3,2,42,1.20000000,-0.75000000,1.20210568,-0.72257900,0.02750173,0.12813084,0.02628281,7809.20993089,160,10.32800000,1,0
3,2,43,1.20000000,-0.75000000,1.20592451,-0.70862097,0.04180101,0.12354498,0.02649472,6649.48671408,160,11.24400000,1,0
3,2,44,1.20000000,-0.75000000,1.21400696,-0.71402485,0.03860578,0.11478546,0.02374051,6634.05480058,160,15.12100000,1,0
3,2,45,1.20000000,-0.75000000,1.20934005,-0.71914030,0.03224217,0.12464555,0.03033258,7501.45948058,160,15.50500000,1,0
3,2,46,1.20000000,-0.75000000,1.20122577,-0.71906964,0.03095464,0.11942623,0.02593342,7504.81837996,160,15.75300000,1,0
3,2,47,1.20000000,-0.75000000,1.20616028,-0.70447467,0.04594023,0.12918569,0.02826476,8097.74180912,160,15.31800000,1,0
3,2,48,1.20000000,-0.75000000,1.21150020,-0.70841699,0.04314396,0.12002459,0.03030284,7792.12116439,160,15.39000000,1,0
3,2,49,1.20000000,-0.75000000,1.20830162,-0.70844956,0.04237164,0.12294542,0.02740958,7337.40159584,160,15.60700000,1,0
3,2,50,1.20000000,-0.75000000,1.20962509,-0.71298588,0.03824510,0.12043354,0.02610187,7269.61622559,160,10.17200000,1,0
3,2,51,1.20000000,-0.75000000,1.21068275,-0.71923637,0.03256566,0.12048587,0.02329793,7093.12275087,160,13.91300000,1,0
3,2,52,1.20000000,-0.75000000,1.20891685,-0.70523513,0.04564432,0.11859311,0.02844555,7481.62172881,160,10.88300000,1,0
3,2,53,1.20000000,-0.75000000,1.19491490,-0.72628755,0.02425157,0.12975090,0.02639292,7767.40982009,160,10.21200000,1,0
3,2,54,1.20000000,-0.75000000,1.20859790,-0.71114337,0.03979650,0.11983636,0.02750672,7067.23027267,160,10.32800000,1,0
3,2,55,1.20000000,-0.75000000,1.20401698,-0.70975059,0.04044936,0.13081098,0.02960168,8297.37846214,160,10.19300000,1,0
3,2,56,1.20000000,-0.75000000,1.20328052,-0.70697575,0.04314913,0.13234935,0.02848987,8210.16353339,160,10.17400000,1,0
3,2,57,1.20000000,-0.75000000,1.20085939,-0.70109925,0.04890830,0.11921581,0.02432652,7208.17932007,160,10.11700000,1,0
3,2,58,1.20000000,-0.75000000,1.21125842,-0.73184517,0.02136234,0.11362051,0.02536106,6270.70731323,160,12.92300000,1,0
3,2,59,1.20000000,-0.75000000,1.20093708,-0.70939392,0.04061689,0.12503475,0.02928473,8142.43720778,160,10.94200000,1,0
3,2,60,1.20000000,-0.75000000,1.20567290,-0.70859712,0.04178971,0.12265718,0.03089186,7697.38464764,160,10.27600000,1,0
3,2,61,1.20000000,-0.75000000,1.20262153,-0.72131889,0.02880067,0.12697096,0.03002214,7800.35649497,160,10.16700000,1,0
3,2,62,1.20000000,-0.75000000,1.19399970,-0.71274199,0.03773808,0.12342382,0.03073635,7529.89349496,160,10.25000000,1,0
3,2,63,1.20000000,-0.75000000,1.20650803,-0.71836712,0.03229541,0.12887478,0.02753002,7816.89421055,160,10.12200000,1,0
3,2,64,1.20000000,-0.75000000,1.20752755,-0.71011616,0.04058799,0.12293338,0.02919054,7593.31059022,160,10.04700000,1,0
3,2,65,1.20000000,-0.75000000,1.20922206,-0.70337880,0.04752455,0.12581621,0.02573247,7861.72865650,160,10.21100000,1,0
3,2,66,1.20000000,-0.75000000,1.21581997,-0.70883797,0.04409744,0.12588972,0.02787429,7435.35599222,160,10.14000000,1,0
3,2,67,1.20000000,-0.75000000,1.19563491,-0.70975045,0.04048556,0.11920922,0.02726353,7326.65563543,160,10.08200000,1,0
3,2,68,1.20000000,-0.75000000,1.20565665,-0.70301610,0.04732320,0.12415564,0.02415282,7039.17095680,160,10.11200000,1,0
3,2,69,1.20000000,-0.75000000,1.20358390,-0.71080193,0.03936157,0.11532168,0.02440236,6290.25727469,160,10.30100000,1,0
3,2,70,1.20000000,-0.75000000,1.20936183,-0.69788376,0.05295042,0.11749470,0.03066177,7931.81095791,160,10.13600000,1,0
3,2,71,1.20000000,-0.75000000,1.20712528,-0.71394123,0.03675601,0.12106102,0.02469586,6973.95910118,160,10.31300000,1,0
3,2,72,1.20000000,-0.75000000,1.20897050,-0.72181815,0.02957510,0.10949117,0.02654996,6149.43174812,160,10.13100000,1,0
3,2,73,1.20000000,-0.75000000,1.21574153,-0.70720278,0.04560041,0.11721362,0.02850120,7087.06604746,160,10.11000000,1,0
3,2,74,1.20000000,-0.75000000,1.19378516,-0.72419548,0.02654237,0.12366800,0.02791705,8099.58796029,160,10.15200000,1,0
3,2,75,1.20000000,-0.75000000,1.20241548,-0.72333714,0.02677205,0.11387646,0.02583140,6357.27032270,160,10.19300000,1,0
3,2,76,1.20000000,-0.75000000,1.20117912,-0.70719016,0.04282608,0.12538820,0.02649261,7500.98524612,160,10.10400000,1,0
3,2,77,1.20000000,-0.75000000,1.20335276,-0.71620018,0.03396570,0.12553936,0.02636235,7969.36842274,160,10.11000000,1,0
3,2,78,1.20000000,-0.75000000,1.20551155,-0.72012580,0.03037836,0.11867179,0.02753502,7204.33415214,160,10.18200000,1,0
3,2,79,1.20000000,-0.75000000,1.20525128,-0.72452562,0.02601000,0.11623087,0.02685589,6748.44819487,160,10.48500000,1,0
3,2,80,1.20000000,-0.75000000,1.20854659,-0.71829530,0.03283644,0.11603179,0.02676492,6949.75073511,160,13.62400000,1,0
3,2,81,1.20000000,-0.75000000,1.21560272,-0.72275725,0.03139446,0.11198183,0.02751062,6133.97929597,160,15.24200000,1,0
3,2,82,1.20000000,-0.75000000,1.20432194,-0.71745105,0.03283463,0.12243181,0.02730168,7412.42983285,160,15.32900000,1,0
3,2,83,1.20000000,-0.75000000,1.19503940,-0.70151240,0.04874069,0.12894505,0.03010129,7702.85938765,160,15.50900000,1,0
3,2,84,1.20000000,-0.75000000,1.19444264,-0.70300887,0.04731860,0.13106208,0.02845583,7765.61079930,160,10.87200000,1,0
3,2,85,1.20000000,-0.75000000,1.20998803,-0.70626164,0.04486429,0.13179574,0.03037704,8739.14833444,160,10.17500000,1,0
3,2,86,1.20000000,-0.75000000,1.20245001,-0.71813819,0.03195587,0.11967273,0.03172915,7438.45994375,160,10.15600000,1,0
3,2,87,1.20000000,-0.75000000,1.20810078,-0.70881116,0.04197789,0.12466154,0.02921365,8267.84748576,160,10.25800000,1,0
3,2,88,1.20000000,-0.75000000,1.20887265,-0.72508831,0.02644459,0.11407783,0.02401810,6280.16672267,160,10.68500000,1,0
3,2,89,1.20000000,-0.75000000,1.20892067,-0.70563615,0.04525185,0.12544719,0.02854478,7734.59217573,160,10.16200000,1,0
3,2,90,1.20000000,-0.75000000,1.19969318,-0.71692512,0.03307630,0.11898523,0.03004092,7783.79190499,160,10.15000000,1,0
3,2,91,1.20000000,-0.75000000,1.21183786,-0.71525866,0.03670281,0.12486484,0.02860719,6890.83003843,160,10.18500000,1,0
3,2,92,1.20000000,-0.75000000,1.19861945,-0.71529109,0.03473635,0.12014779,0.02682491,7342.04484036,160,10.13300000,1,0
3,2,93,1.20000000,-0.75000000,1.20284715,-0.68782654,0.06223862,0.11751484,0.02499014,7718.74473936,160,10.16600000,1,0
3,2,94,1.20000000,-0.75000000,1.21133712,-0.70421030,0.04717232,0.12260785,0.02853822,8010.33713618,160,10.10400000,1,0
3,2,95,1.20000000,-0.75000000,1.19801588,-0.70533868,0.04470537,0.12275140,0.03042587,7925.45462223,160,10.14900000,1,0
3,2,96,1.20000000,-0.75000000,1.21697318,-0.70128208,0.05158996,0.13153529,0.03221237,9215.21366908,160,10.12400000,1,0
3,2,97,1.20000000,-0.75000000,1.21592278,-0.70641813,0.04639950,0.13106422,0.02792301,8399.87064087,160,10.20400000,1,0
3,2,98,1.20000000,-0.75000000,1.20059208,-0.70902447,0.04097981,0.12359059,0.03019332,8338.89545119,160,10.14600000,1,0
3,2,99,1.20000000,-0.75000000,1.20254723,-0.70817335,0.04190414,0.12526264,0.02781999,7713.83915007,160,10.09800000,1,0
