scenario,beacons,range_sigma,bearing_sigma,target_rmse,beacon_position_rmse,beacon_yaw_rmse,mean_cost,mean_iterations,mean_runtime_ms,success_rate
1,1,0.00000000,0.00000000,0.00000000,0.00000000,0.00000000,0.00000000,1.00000000,0.65236000,1.00000000
1,2,0.00000000,0.00000000,0.00000000,0.00000000,0.00000000,0.00000000,1.00000000,1.68210000,1.00000000
2,1,0.00000000,0.00000000,0.00000000,0.00000000,,0.00000000,5.00000000,0.15215000,1.00000000
2,2,0.00000000,0.00000000,0.00000000,0.00000000,,0.00000000,5.00000000,0.30150000,1.00000000
3,1,0.00000000,0.00000000,0.07232655,0.14074658,0.04396534,4385.82570226,80.00000000,2.60845000,0.00000000
3,2,0.00000000,0.00000000,0.03724038,0.12193981,0.02772424,7081.31562158,160.00000000,13.55753000,0.00000000
1,1,0.00000000,0.00200000,0.00153001,0.00084118,0.00027023,77.34604143,9.71000000,1.51908000,1.00000000
1,2,0.00000000,0.00200000,0.00144558,0.00095894,0.00028690,155.30031694,10.28000000,5.77819000,1.00000000
2,1,0.00000000,0.00200000,0.00121343,0.00078582,,0.21392360,5.00000000,0.20381000,1.00000000
2,2,0.00000000,0.00200000,0.00069182,0.00064240,,0.39103365,8.48000000,0.50175000,1.00000000
3,1,0.00000000,0.00200000,0.01627467,0.05323104,0.01079550,6782.57007490,80.00000000,3.48208000,0.12000000
3,2,0.00000000,0.00200000,0.04680998,0.14712260,0.01638853,82811.25049253,160.00000000,14.31782000,0.00000000
1,1,0.00000000,0.00600000,0.00400721,0.00221660,0.00076569,79.78766410,7.76000000,1.87091000,1.00000000
1,2,0.00000000,0.00600000,0.00285004,0.00217447,0.00075532,157.05533524,8.75000000,5.68317000,1.00000000
2,1,0.00000000,0.00600000,0.00391340,0.00256567,,1.93765975,7.44000000,0.23868000,1.00000000
2,2,0.00000000,0.00600000,0.00210153,0.00195985,,3.35199380,6.40000000,0.51825000,1.00000000
3,1,0.00000000,0.00600000,0.07224841,0.14010976,0.04351984,4448.66781733,80.00000000,3.20087000,0.00000000
3,2,0.00000000,0.00600000,0.03751191,0.12189368,0.02794664,7271.21243281,160.00000000,17.90619000,0.00000000
1,1,0.00000000,0.01200000,0.00717893,0.00279298,0.00133330,78.80936724,4.49000000,1.49798000,1.00000000
1,2,0.00000000,0.01200000,0.00363459,0.00300420,0.00127012,158.82242406,7.02000000,4.28067000,1.00000000
2,1,0.00000000,0.01200000,0.00722217,0.00476266,,7.63044633,7.21000000,0.21728000,1.00000000
2,2,0.00000000,0.01200000,0.00458442,0.00404052,,13.95656390,5.92000000,0.35974000,1.00000000
3,1,0.00000000,0.01200000,0.76803010,0.57520843,0.25326269,20865.14598046,80.00000000,2.72982000,0.00000000
3,2,0.00000000,0.01200000,0.02173853,0.33123313,0.11757244,14241.40852661,160.00000000,13.70988000,0.00000000
1,1,0.00000000,0.01800000,0.01089105,0.00340298,0.00238319,79.64325269,9.62000000,2.04517000,1.00000000
1,2,0.00000000,0.01800000,0.00414849,0.00354173,0.00168136,157.92555772,7.02000000,4.67919000,1.00000000
2,1,0.00000000,0.01800000,0.01076163,0.00693588,,16.92640294,8.13000000,0.24199000,1.00000000
2,2,0.00000000,0.01800000,0.00647290,0.00617644,,30.67436213,10.13000000,0.74993000,1.00000000
3,1,0.00000000,0.01800000,1.65064372,1.11804870,0.52404111,43890.18969668,80.00000000,3.64762000,0.00000000
3,2,0.00000000,0.01800000,0.02093983,0.94900863,0.30454517,51630.03588906,160.00000000,13.38345000,0.00000000
1,1,0.01000000,0.00000000,0.00173762,0.00116122,0.00026188,78.10516950,11.38000000,1.85882000,1.00000000
1,2,0.01000000,0.00000000,0.00155564,0.00128666,0.00035999,157.08614064,13.86000000,7.48356000,1.00000000
2,1,0.01000000,0.00000000,0.00314875,0.00264953,,2.66414009,9.75000000,0.42989000,1.00000000
2,2,0.01000000,0.00000000,0.00239517,0.00213298,,5.27464595,5.41000000,0.41698000,1.00000000
3,1,0.01000000,0.00000000,0.24463604,0.76666442,0.22408664,188098.85053073,80.00000000,3.40504000,0.00000000
3,2,0.01000000,0.00000000,0.01318821,0.32744374,0.10116996,112226.96241218,160.00000000,14.07562000,0.00000000
1,1,0.01000000,0.00200000,0.00182572,0.00086447,0.00030534,157.02133910,13.35000000,2.97614000,1.00000000
1,2,0.01000000,0.00200000,0.00125753,0.00081551,0.00024954,317.36945181,11.95000000,7.64328000,1.00000000
2,1,0.01000000,0.00200000,0.00353491,0.00274562,,2.83224421,6.79000000,0.34348000,1.00000000
2,2,0.01000000,0.00200000,0.00251695,0.00225527,,5.81083038,7.78000000,0.80164000,1.00000000
3,1,0.01000000,0.00200000,0.11415067,0.40815863,0.08330728,395968.48432688,80.00000000,3.49301000,0.00000000
3,2,0.01000000,0.00200000,0.01470945,0.15230481,0.03562163,106962.52067693,160.00000000,15.42050000,0.00000000
1,1,0.01000000,0.00600000,0.00400248,0.00152262,0.00074548,157.36577967,8.97000000,1.68572000,1.00000000
1,2,0.01000000,0.00600000,0.00210200,0.00171912,0.00062443,314.56992601,9.70000000,5.89547000,1.00000000
2,1,0.01000000,0.00600000,0.00507141,0.00390735,,4.41065613,8.02000000,0.44698000,1.00000000
2,2,0.01000000,0.00600000,0.00321968,0.00281841,,8.76912200,5.20000000,0.35842000,1.00000000
3,1,0.01000000,0.00600000,0.24483858,0.76472206,0.22382715,187132.43018145,80.00000000,3.60633000,0.00000000
3,2,0.01000000,0.00600000,0.01435942,0.32826425,0.10147089,113209.73784867,160.00000000,16.09851000,0.00000000
1,1,0.01000000,0.01200000,0.00677914,0.00196693,0.00124425,156.98360222,4.73000000,1.32236000,1.00000000
1,2,0.01000000,0.01200000,0.00285522,0.00213023,0.00106955,315.98088162,5.09000000,3.83175000,1.00000000
2,1,0.01000000,0.01200000,0.00750856,0.00559647,,10.27677841,8.83000000,0.35688000,1.00000000
2,2,0.01000000,0.01200000,0.00547495,0.00493667,,19.67369911,6.14000000,0.61995000,1.00000000
3,1,0.01000000,0.01200000,2.03017214,1.75618424,0.74233553,484768.05859330,80.00000000,3.78378000,0.00000000
3,2,0.01000000,0.01200000,0.01817505,1.44721705,0.44062839,628352.13501237,160.00000000,15.58806000,0.00000000
1,1,0.01000000,0.01800000,0.00877734,0.00228388,0.00163465,156.20995930,5.39000000,1.07945000,1.00000000
1,2,0.01000000,0.01800000,0.00289858,0.00219368,0.00132069,312.95786303,7.75000000,5.25829000,1.00000000
2,1,0.01000000,0.01800000,0.00989761,0.00716436,,20.31134475,7.68000000,0.35768000,1.00000000
2,2,0.01000000,0.01800000,0.00753852,0.00665671,,37.14742044,9.86000000,0.57401000,1.00000000
3,1,0.01000000,0.01800000,3.37256032,2.16264176,1.06933203,638927.39768514,80.00000000,3.61855000,0.00000000
3,2,0.01000000,0.01800000,0.03821796,2.38070025,0.74599898,1252022.46802086,160.00000000,14.90379000,0.00000000
1,1,0.03000000,0.00000000,0.00326327,0.00109573,0.00017988,78.17517014,5.01000000,1.50348000,1.00000000
1,2,0.03000000,0.00000000,0.00235488,0.00120402,0.00030631,160.04502553,8.24000000,4.98239000,1.00000000
2,1,0.03000000,0.00000000,0.01054545,0.00883790,,24.11726097,9.35000000,0.27709000,1.00000000
2,2,0.03000000,0.00000000,0.00742511,0.00683051,,47.75085429,7.79000000,0.61416000,1.00000000
3,1,0.03000000,0.00000000,0.07268247,0.14031653,0.04382801,4433.34336813,80.00000000,3.83789000,0.00000000
3,2,0.03000000,0.00000000,0.04040071,0.12261410,0.02786341,7320.14596634,160.00000000,16.06418000,0.00000000
1,1,0.03000000,0.00200000,0.00358412,0.00096164,0.00024716,158.14499815,9.27000000,2.05002000,1.00000000
1,2,0.03000000,0.00200000,0.00175649,0.00098751,0.00033230,317.96207829,8.55000000,5.98218000,1.00000000
2,1,0.03000000,0.00200000,0.01090083,0.00932089,,24.42735837,10.53000000,0.70585000,1.00000000
2,2,0.03000000,0.00200000,0.00728339,0.00646544,,48.39168204,8.19000000,0.85084000,1.00000000
3,1,0.03000000,0.00200000,0.01837597,0.05318052,0.01041754,6908.74823444,80.00000000,3.37506000,0.20000000
3,2,0.03000000,0.00200000,0.04636812,0.14721549,0.01659056,83436.30452623,160.00000000,13.96329000,0.00000000
1,1,0.03000000,0.00600000,0.00488059,0.00233173,0.00089363,156.87093899,6.17000000,1.76126000,1.00000000
1,2,0.03000000,0.00600000,0.00371599,0.00249772,0.00091900,316.81180708,5.75000000,4.08316000,1.00000000
2,1,0.03000000,0.00600000,0.01053461,0.00808723,,26.55938292,10.17000000,0.35132000,1.00000000
2,2,0.03000000,0.00600000,0.00765404,0.00674833,,50.94604819,9.47000000,0.87206000,1.00000000
3,1,0.03000000,0.00600000,0.07308685,0.14238472,0.04454506,4652.49628107,80.00000000,2.96817000,0.00000000
3,2,0.03000000,0.00600000,0.03904851,0.12208669,0.02741212,7436.34410303,160.00000000,15.24545000,0.00000000
1,1,0.03000000,0.01200000,0.00855584,0.00394578,0.00170201,155.36128867,6.56000000,1.72563000,1.00000000
1,2,0.03000000,0.01200000,0.00511406,0.00398408,0.00133005,316.16607869,7.33000000,5.19566000,1.00000000
2,1,0.03000000,0.01200000,0.01382078,0.01013718,,32.65073569,12.75000000,0.66770000,1.00000000
2,2,0.03000000,0.01200000,0.00822387,0.00769380,,62.06368752,9.60000000,0.85545000,1.00000000
3,1,0.03000000,0.01200000,0.76772040,0.57525430,0.25277956,20955.72606192,80.00000000,2.80787000,0.00000000
3,2,0.03000000,0.01200000,0.02364517,0.33107568,0.11777251,14376.71994229,160.00000000,15.14445000,0.00000000
1,1,0.03000000,0.01800000,0.01104901,0.00487685,0.00215434,157.71068089,7.61000000,1.54148000,1.00000000
1,2,0.03000000,0.01800000,0.00642950,0.00522099,0.00193803,314.44869675,8.95000000,6.42191000,1.00000000
2,1,0.03000000,0.01800000,0.01652150,0.01185745,,41.63344131,9.83000000,0.39331000,1.00000000
2,2,0.03000000,0.01800000,0.01012097,0.00930537,,80.63370956,7.75000000,0.45671000,1.00000000
3,1,0.03000000,0.01800000,1.65216554,1.11870380,0.52503999,43880.04410206,80.00000000,2.81319000,0.00000000
3,2,0.03000000,0.01800000,0.02361546,0.94996353,0.30494263,51908.40088727,160.00000000,14.14609000,0.00000000
1,1,0.06000000,0.00000000,0.00703909,0.00072721,0.00012821,81.04727604,5.44000000,1.28221000,1.00000000
1,2,0.06000000,0.00000000,0.00270886,0.00092311,0.00025697,159.67511598,8.28000000,5.64606000,1.00000000
2,1,0.06000000,0.00000000,0.02173967,0.01738685,,96.65161775,9.78000000,0.44337000,0.99000000
2,2,0.06000000,0.00000000,0.01373376,0.01185043,,187.85763851,10.35000000,0.87529000,1.00000000
3,1,0.06000000,0.00000000,0.21240396,0.20148805,0.03382458,4458.30866239,80.00000000,3.12631000,0.00000000
3,2,0.06000000,0.00000000,0.19346711,0.13652190,0.01265477,11587.91869444,160.00000000,14.60349000,0.00000000
1,1,0.06000000,0.00200000,0.00662685,0.00083975,0.00026411,160.18578980,8.42000000,1.84956000,1.00000000
1,2,0.06000000,0.00200000,0.00180421,0.00105845,0.00031407,316.05755307,14.77000000,7.80661000,1.00000000
2,1,0.06000000,0.00200000,0.01974343,0.01546174,,95.64219140,14.77000000,0.95994000,1.00000000
2,2,0.06000000,0.00200000,0.01516865,0.01335828,,187.98993944,9.53000000,1.06711000,1.00000000
3,1,0.06000000,0.00200000,0.06658988,0.05980617,0.00986368,6834.48624775,80.00000000,3.87889000,0.01000000
3,2,0.06000000,0.00200000,0.22411283,0.19982627,0.01206656,223183.94457721,160.00000000,14.81319000,0.00000000
1,1,0.06000000,0.00600000,0.00843171,0.00255962,0.00084592,158.10402771,8.04000000,1.35341000,1.00000000
1,2,0.06000000,0.00600000,0.00426738,0.00274884,0.00087947,318.74099950,10.69000000,5.74770000,1.00000000
2,1,0.06000000,0.00600000,0.02254813,0.01729527,,100.35804168,14.56000000,0.64671000,0.96000000
2,2,0.06000000,0.00600000,0.01482305,0.01281668,,197.89988316,10.50000000,0.84407000,1.00000000
3,1,0.06000000,0.00600000,0.21613625,0.20392875,0.03359622,4649.18777379,80.00000000,2.99007000,0.00000000
3,2,0.06000000,0.00600000,0.19253548,0.13587828,0.01294523,11675.73049906,160.00000000,14.60352000,0.00000000
1,1,0.06000000,0.01200000,0.01111265,0.00484135,0.00202331,158.50981228,6.42000000,1.96574000,1.00000000
1,2,0.06000000,0.01200000,0.00715481,0.00498979,0.00155755,315.42610716,9.96000000,5.14199000,1.00000000
2,1,0.06000000,0.01200000,0.02294469,0.01890233,,105.89341889,11.64000000,0.34235000,0.98000000
2,2,0.06000000,0.01200000,0.01520878,0.01376572,,203.35811454,11.11000000,0.88352000,1.00000000
3,1,0.06000000,0.01200000,0.60468629,0.54702843,0.16636316,8437.96902702,80.00000000,4.12960000,0.00000000
3,2,0.06000000,0.01200000,0.09291489,0.24016398,0.07124742,5031.23644590,160.00000000,16.04627000,0.00000000
1,1,0.06000000,0.01800000,0.01339277,0.00603365,0.00236317,156.32106607,7.00000000,1.77378000,1.00000000
1,2,0.06000000,0.01800000,0.00864991,0.00672602,0.00236804,318.30718600,13.94000000,9.06375000,1.00000000
2,1,0.06000000,0.01800000,0.02341001,0.01862200,,117.18127466,11.07000000,0.57495000,0.99000000
2,2,0.06000000,0.01800000,0.01797746,0.01565516,,215.67969667,10.38000000,0.94505000,0.99000000
3,1,0.06000000,0.01800000,1.01269505,0.84195690,0.32249448,11290.61140238,80.00000000,3.20725000,0.00000000
3,2,0.06000000,0.01800000,0.03669145,0.51482845,0.15898718,9310.54161080,160.00000000,13.93131000,0.00000000
1,1,0.09000000,0.00000000,0.01062184,0.00046206,0.00006998,79.52792382,12.08000000,2.09012000,1.00000000
1,2,0.09000000,0.00000000,0.00220266,0.00067983,0.00021151,158.80479575,13.69000000,8.81520000,1.00000000
2,1,0.09000000,0.00000000,0.02817445,0.02316100,,217.60427667,9.16000000,0.51060000,0.98000000
2,2,0.09000000,0.00000000,0.02249935,0.01897454,,427.61527141,9.77000000,0.91984000,0.99000000
3,1,0.09000000,0.00000000,0.42190406,0.45332329,0.06837846,19141.84607395,80.00000000,3.78712000,0.00000000
3,2,0.09000000,0.00000000,0.41199355,0.21399382,0.00538375,24063.87314470,160.00000000,13.70054000,0.00000000
1,1,0.09000000,0.00200000,0.00980321,0.00092467,0.00028803,157.48412239,9.66000000,2.26674000,1.00000000
1,2,0.09000000,0.00200000,0.00161929,0.00099047,0.00029213,316.56813732,11.71000000,6.56608000,1.00000000
2,1,0.09000000,0.00200000,0.02886526,0.02442555,,220.19671070,11.74000000,0.34575000,0.95000000
2,2,0.09000000,0.00200000,0.01967904,0.01748340,,424.38343544,10.40000000,0.77012000,1.00000000
3,1,0.09000000,0.00200000,0.29340135,0.17793484,0.03006917,70105.27953033,80.00000000,3.93789000,0.00000000
3,2,0.09000000,0.00200000,0.30956987,0.17288812,0.02694751,271799.09120096,160.00000000,14.90593000,0.00000000
1,1,0.09000000,0.00600000,0.01090651,0.00284318,0.00089728,155.34163606,11.62000000,2.52635000,1.00000000
1,2,0.09000000,0.00600000,0.00571714,0.00303387,0.00087835,315.93254949,8.53000000,5.69954000,1.00000000
2,1,0.09000000,0.00600000,0.03272948,0.02684226,,222.44335553,12.59000000,0.64649000,0.89000000
2,2,0.09000000,0.00600000,0.02097831,0.01866171,,441.03046163,9.08000000,0.92630000,0.98000000
3,1,0.09000000,0.00600000,0.42040992,0.45144450,0.06803694,19086.57488417,80.00000000,4.29378000,0.00000000
3,2,0.09000000,0.00600000,0.41061827,0.21343512,0.00576255,24123.07028448,160.00000000,16.88984000,0.00000000
1,1,0.09000000,0.01200000,0.01382744,0.00555086,0.00174220,157.64090098,7.12000000,1.86526000,1.00000000
1,2,0.09000000,0.01200000,0.00828283,0.00610302,0.00165189,314.29265359,6.30000000,5.10346000,1.00000000
2,1,0.09000000,0.01200000,0.03490953,0.02766958,,223.91136870,15.24000000,0.68160000,0.84000000
2,2,0.09000000,0.01200000,0.02355078,0.02136611,,442.90273212,12.56000000,1.06962000,0.98000000
3,1,0.09000000,0.01200000,0.74841138,0.78116156,0.18051349,11631.56445046,80.00000000,3.45000000,0.00000000
3,2,0.09000000,0.01200000,0.25575961,0.35367016,0.06958485,9013.88254374,160.00000000,14.45052000,0.00000000
1,1,0.09000000,0.01800000,0.01667106,0.00769113,0.00268625,157.12500225,6.97000000,2.02502000,1.00000000
1,2,0.09000000,0.01800000,0.01019428,0.00747145,0.00250736,315.12533018,7.40000000,5.41933000,1.00000000
2,1,0.09000000,0.01800000,0.03321491,0.02606758,,238.17561348,13.04000000,0.41816000,0.87000000
2,2,0.09000000,0.01800000,0.02288480,0.02069741,,458.80918174,12.85000000,1.06408000,0.97000000
3,1,0.09000000,0.01800000,0.96745828,0.96919085,0.30111407,9749.27260514,80.00000000,3.10445000,0.00000000
3,2,0.09000000,0.01800000,0.05165600,0.53721489,0.14593033,7856.41407997,160.00000000,14.73449000,0.00000000
